candidat,id,erreur_inf,erreur_sup,rank,parti,nuance,img_url
Emmanuel Macron,20211112_bva,24.0538,29.9462,1,La République en marche,CENT,https://www.francetvinfo.fr/docs/desk3/candidat-tracker/2021_10_11_emmanuel_macron.png
Jean-Luc Mélenchon,20211112_bva,5.7521,9.2479,6,La France insoumise,EXGA,https://www.francetvinfo.fr/docs/desk3/candidat-tracker/2021_10_11_jean_luc-melenchon.png
Philippe Poutou,20211112_bva,0.3397,1.6603,15,Nouveau parti anticapitaliste,EXGA,https://www.francetvinfo.fr/docs/desk3/candidat-tracker/2021_10_11_philippe_poutou.png
Fabien Roussel,20211112_bva,1.0709,2.9291,14,Lutte ouvrière,EXGA,https://www.francetvinfo.fr/docs/desk3/candidat-tracker/2021_10_11_fabien_roussel.png
Jean Lassalle,20211112_bva,0.6934,2.3066,18,Résistons,DIV,https://www.francetvinfo.fr/docs/desk3/candidat-tracker/2021_10_11_jean_lassalle.png
Anne Hidalgo,20211112_bva,3.5537,6.4463,9,Parti socialiste,GAUC,https://www.francetvinfo.fr/docs/desk3/candidat-tracker/2021_10_11_anne_hidalgo.png
Yannick Jadot,20211112_bva,6.6493,10.3507,8,Europe Ecologie-Les Verts,ECO,https://www.francetvinfo.fr/docs/desk3/candidat-tracker/2021_10_11_yannick_jadot.png
Arnaud Montebourg,20211112_bva,1.0709,2.9291,13,Sans étiquette,GAUC,https://www.francetvinfo.fr/docs/desk3/candidat-tracker/2021_10_11_arnaud_montebourg.png
François Asselineau,20211112_bva,0.0319,0.9681,19,Union populaire républicaine,DIV,https://www.francetvinfo.fr/docs/desk3/candidat-tracker/2021_10_11_francois_asselineau.png
Nathalie Arthaud,20211112_bva,0.3397,1.6603,17,Parti communiste français,EXGA,https://www.francetvinfo.fr/docs/desk3/candidat-tracker/2021_10_11_nathalie_arthaud.png
Marine Le Pen,20211112_bva,23.0892,28.9108,2,Rassemblement national,EXDR,https://www.francetvinfo.fr/docs/desk3/candidat-tracker/2021_10_11_marine_le_pen.png
Xavier Bertrand,20211112_bva,12.6304,17.3696,4,Les Républicains,DROI,https://www.francetvinfo.fr/docs/desk3/candidat-tracker/2021_10_11_xavier_bertrand.png
Nicolas Dupont-Aignan,20211112_bva,1.868,4.132,12,Debout la France,EXDR,https://www.francetvinfo.fr/docs/desk3/candidat-tracker/2021_10_11_nicolas_dupont_aignan.png
Yannick Jadot,20211112_bva,6.1887,9.8113,8,Europe Ecologie-Les Verts,ECO,https://www.francetvinfo.fr/docs/desk3/candidat-tracker/2021_10_11_yannick_jadot.png
Marine Le Pen,20211112_bva,25.0023,30.9977,2,Rassemblement national,EXDR,https://www.francetvinfo.fr/docs/desk3/candidat-tracker/2021_10_11_marine_le_pen.png
Nicolas Dupont-Aignan,20211112_bva,2.6917,5.3083,12,Debout la France,EXDR,https://www.francetvinfo.fr/docs/desk3/candidat-tracker/2021_10_11_nicolas_dupont_aignan.png
François Asselineau,20211112_bva,0.0291,0.9709,19,Union populaire républicaine,DIV,https://www.francetvinfo.fr/docs/desk3/candidat-tracker/2021_10_11_francois_asselineau.png
Nathalie Arthaud,20211112_bva,0.6885,2.3115,17,Parti communiste français,EXGA,https://www.francetvinfo.fr/docs/desk3/candidat-tracker/2021_10_11_nathalie_arthaud.png
Arnaud Montebourg,20211112_bva,1.0653,2.9347,13,Sans étiquette,GAUC,https://www.francetvinfo.fr/docs/desk3/candidat-tracker/2021_10_11_arnaud_montebourg.png
Jean Lassalle,20211112_bva,0.6885,2.3115,18,Résistons,DIV,https://www.francetvinfo.fr/docs/desk3/candidat-tracker/2021_10_11_jean_lassalle.png
Michel Barnier,20211112_bva,7.0893,10.9107,7,Les Républicains,DROI,https://www.francetvinfo.fr/docs/desk3/candidat-tracker/2021_10_11_michel_barnier.png
Anne Hidalgo,20211112_bva,3.5449,6.4551,9,Parti socialiste,GAUC,https://www.francetvinfo.fr/docs/desk3/candidat-tracker/2021_10_11_anne_hidalgo.png
Jean-Luc Mélenchon,20211112_bva,6.1887,9.8113,6,La France insoumise,EXGA,https://www.francetvinfo.fr/docs/desk3/candidat-tracker/2021_10_11_jean_luc-melenchon.png
Philippe Poutou,20211112_bva,0.6885,2.3115,15,Nouveau parti anticapitaliste,EXGA,https://www.francetvinfo.fr/docs/desk3/candidat-tracker/2021_10_11_philippe_poutou.png
Emmanuel Macron,20211112_bva,25.9705,32.0295,1,La République en marche,CENT,https://www.francetvinfo.fr/docs/desk3/candidat-tracker/2021_10_11_emmanuel_macron.png
Fabien Roussel,20211112_bva,1.0653,2.9347,14,Lutte ouvrière,EXGA,https://www.francetvinfo.fr/docs/desk3/candidat-tracker/2021_10_11_fabien_roussel.png
Jean Lassalle,20211112_bva,0.6934,2.3066,18,Résistons,DIV,https://www.francetvinfo.fr/docs/desk3/candidat-tracker/2021_10_11_jean_lassalle.png
François Asselineau,20211112_bva,0.0319,0.9681,19,Union populaire républicaine,DIV,https://www.francetvinfo.fr/docs/desk3/candidat-tracker/2021_10_11_francois_asselineau.png
Nicolas Dupont-Aignan,20211112_bva,2.6996000000000002,5.3004,12,Debout la France,EXDR,https://www.francetvinfo.fr/docs/desk3/candidat-tracker/2021_10_11_nicolas_dupont_aignan.png
Philippe Poutou,20211112_bva,0.6934,2.3066,15,Nouveau parti anticapitaliste,EXGA,https://www.francetvinfo.fr/docs/desk3/candidat-tracker/2021_10_11_philippe_poutou.png
Jean-Luc Mélenchon,20211112_bva,6.1997,9.8003,6,La France insoumise,EXGA,https://www.francetvinfo.fr/docs/desk3/candidat-tracker/2021_10_11_jean_luc-melenchon.png
Nathalie Arthaud,20211112_bva,0.6934,2.3066,17,Parti communiste français,EXGA,https://www.francetvinfo.fr/docs/desk3/candidat-tracker/2021_10_11_nathalie_arthaud.png
Anne Hidalgo,20211112_bva,2.6996000000000002,5.3004,9,Parti socialiste,GAUC,https://www.francetvinfo.fr/docs/desk3/candidat-tracker/2021_10_11_anne_hidalgo.png
Arnaud Montebourg,20211112_bva,1.0709,2.9291,13,Sans étiquette,GAUC,https://www.francetvinfo.fr/docs/desk3/candidat-tracker/2021_10_11_arnaud_montebourg.png
Fabien Roussel,20211112_bva,1.0709,2.9291,14,Lutte ouvrière,EXGA,https://www.francetvinfo.fr/docs/desk3/candidat-tracker/2021_10_11_fabien_roussel.png
Yannick Jadot,20211112_bva,7.1009,10.8991,8,Europe Ecologie-Les Verts,ECO,https://www.francetvinfo.fr/docs/desk3/candidat-tracker/2021_10_11_yannick_jadot.png
Marine Le Pen,20211112_bva,24.0538,29.9462,2,Rassemblement national,EXDR,https://www.francetvinfo.fr/docs/desk3/candidat-tracker/2021_10_11_marine_le_pen.png
Valérie Pécresse,20211112_bva,8.9236,13.0764,5,Les Républicains,DROI,https://www.francetvinfo.fr/docs/desk3/candidat-tracker/2021_10_11_valerie_pecresse.png
Emmanuel Macron,20211112_bva,25.0204,30.9796,1,La République en marche,CENT,https://www.francetvinfo.fr/docs/desk3/candidat-tracker/2021_10_11_emmanuel_macron.png
Nathalie Arthaud,20211112_bva,0.7029,2.2971,17,Parti communiste français,EXGA,https://www.francetvinfo.fr/docs/desk3/candidat-tracker/2021_10_11_nathalie_arthaud.png
Jean-Luc Mélenchon,20211112_bva,5.3268,8.6732,6,La France insoumise,EXGA,https://www.francetvinfo.fr/docs/desk3/candidat-tracker/2021_10_11_jean_luc-melenchon.png
Marine Le Pen,20211112_bva,15.4807,20.5193,2,Rassemblement national,EXDR,https://www.francetvinfo.fr/docs/desk3/candidat-tracker/2021_10_11_marine_le_pen.png
Fabien Roussel,20211112_bva,1.0819,2.9181,14,Lutte ouvrière,EXGA,https://www.francetvinfo.fr/docs/desk3/candidat-tracker/2021_10_11_fabien_roussel.png
Nicolas Dupont-Aignan,20211112_bva,0.7029,2.2971,12,Debout la France,EXDR,https://www.francetvinfo.fr/docs/desk3/candidat-tracker/2021_10_11_nicolas_dupont_aignan.png
Philippe Poutou,20211112_bva,0.7029,2.2971,15,Nouveau parti anticapitaliste,EXGA,https://www.francetvinfo.fr/docs/desk3/candidat-tracker/2021_10_11_philippe_poutou.png
Jean Lassalle,20211112_bva,0.3475,1.6525,18,Résistons,DIV,https://www.francetvinfo.fr/docs/desk3/candidat-tracker/2021_10_11_jean_lassalle.png
Anne Hidalgo,20211112_bva,2.715,5.285,9,Parti socialiste,GAUC,https://www.francetvinfo.fr/docs/desk3/candidat-tracker/2021_10_11_anne_hidalgo.png
Yannick Jadot,20211112_bva,6.221,9.779,8,Europe Ecologie-Les Verts,ECO,https://www.francetvinfo.fr/docs/desk3/candidat-tracker/2021_10_11_yannick_jadot.png
François Asselineau,20211112_bva,0.0375,0.9625,19,Union populaire républicaine,DIV,https://www.francetvinfo.fr/docs/desk3/candidat-tracker/2021_10_11_francois_asselineau.png
Xavier Bertrand,20211112_bva,9.869,14.131,4,Les Républicains,DROI,https://www.francetvinfo.fr/docs/desk3/candidat-tracker/2021_10_11_xavier_bertrand.png
Eric Zemmour,20211112_bva,12.6585,17.3415,3,Sans étiquette,EXDR,https://www.francetvinfo.fr/docs/desk3/candidat-tracker/2021_10_11_eric_zemmour.png
Emmanuel Macron,20211112_bva,23.1236,28.8764,1,La République en marche,CENT,https://www.francetvinfo.fr/docs/desk3/candidat-tracker/2021_10_11_emmanuel_macron.png
Arnaud Montebourg,20211112_bva,1.0819,2.9181,13,Sans étiquette,GAUC,https://www.francetvinfo.fr/docs/desk3/candidat-tracker/2021_10_11_arnaud_montebourg.png
Arnaud Montebourg,20211112_bva,1.0765,2.9235,13,Sans étiquette,GAUC,https://www.francetvinfo.fr/docs/desk3/candidat-tracker/2021_10_11_arnaud_montebourg.png
Anne Hidalgo,20211112_bva,3.5623,6.4377,9,Parti socialiste,GAUC,https://www.francetvinfo.fr/docs/desk3/candidat-tracker/2021_10_11_anne_hidalgo.png
François Asselineau,20211112_bva,0.3437,1.6563,19,Union populaire républicaine,DIV,https://www.francetvinfo.fr/docs/desk3/candidat-tracker/2021_10_11_francois_asselineau.png
Emmanuel Macron,20211112_bva,23.1065,28.8935,1,La République en marche,CENT,https://www.francetvinfo.fr/docs/desk3/candidat-tracker/2021_10_11_emmanuel_macron.png
Philippe Poutou,20211112_bva,0.6982,2.3018,15,Nouveau parti anticapitaliste,EXGA,https://www.francetvinfo.fr/docs/desk3/candidat-tracker/2021_10_11_philippe_poutou.png
Jean-Luc Mélenchon,20211112_bva,5.7625,9.2375,6,La France insoumise,EXGA,https://www.francetvinfo.fr/docs/desk3/candidat-tracker/2021_10_11_jean_luc-melenchon.png
Yannick Jadot,20211112_bva,6.2104,9.7896,8,Europe Ecologie-Les Verts,ECO,https://www.francetvinfo.fr/docs/desk3/candidat-tracker/2021_10_11_yannick_jadot.png
Nicolas Dupont-Aignan,20211112_bva,1.4701,3.5299,12,Debout la France,EXDR,https://www.francetvinfo.fr/docs/desk3/candidat-tracker/2021_10_11_nicolas_dupont_aignan.png
Eric Zemmour,20211112_bva,12.6446,17.3554,3,Sans étiquette,EXDR,https://www.francetvinfo.fr/docs/desk3/candidat-tracker/2021_10_11_eric_zemmour.png
Valérie Pécresse,20211112_bva,7.1122,10.8878,5,Les Républicains,DROI,https://www.francetvinfo.fr/docs/desk3/candidat-tracker/2021_10_11_valerie_pecresse.png
Fabien Roussel,20211112_bva,1.4701,3.5299,14,Lutte ouvrière,EXGA,https://www.francetvinfo.fr/docs/desk3/candidat-tracker/2021_10_11_fabien_roussel.png
Jean Lassalle,20211112_bva,0.3437,1.6563,18,Résistons,DIV,https://www.francetvinfo.fr/docs/desk3/candidat-tracker/2021_10_11_jean_lassalle.png
Nathalie Arthaud,20211112_bva,0.3437,1.6563,17,Parti communiste français,EXGA,https://www.francetvinfo.fr/docs/desk3/candidat-tracker/2021_10_11_nathalie_arthaud.png
Marine Le Pen,20211112_bva,15.4657,20.534300000000002,2,Rassemblement national,EXDR,https://www.francetvinfo.fr/docs/desk3/candidat-tracker/2021_10_11_marine_le_pen.png
Eric Zemmour,20211112_bva,12.6304,17.3696,3,Sans étiquette,EXDR,https://www.francetvinfo.fr/docs/desk3/candidat-tracker/2021_10_11_eric_zemmour.png
Fabien Roussel,20211112_bva,1.4639,3.5361,14,Lutte ouvrière,EXGA,https://www.francetvinfo.fr/docs/desk3/candidat-tracker/2021_10_11_fabien_roussel.png
Marine Le Pen,20211112_bva,16.3966,21.6034,2,Rassemblement national,EXDR,https://www.francetvinfo.fr/docs/desk3/candidat-tracker/2021_10_11_marine_le_pen.png
Philippe Poutou,20211112_bva,0.6934,2.3066,15,Nouveau parti anticapitaliste,EXGA,https://www.francetvinfo.fr/docs/desk3/candidat-tracker/2021_10_11_philippe_poutou.png
Nicolas Dupont-Aignan,20211112_bva,1.868,4.132,12,Debout la France,EXDR,https://www.francetvinfo.fr/docs/desk3/candidat-tracker/2021_10_11_nicolas_dupont_aignan.png
Yannick Jadot,20211112_bva,6.6493,10.3507,8,Europe Ecologie-Les Verts,ECO,https://www.francetvinfo.fr/docs/desk3/candidat-tracker/2021_10_11_yannick_jadot.png
Jean Lassalle,20211112_bva,0.3397,1.6603,18,Résistons,DIV,https://www.francetvinfo.fr/docs/desk3/candidat-tracker/2021_10_11_jean_lassalle.png
Michel Barnier,20211112_bva,6.1997,9.8003,7,Les Républicains,DROI,https://www.francetvinfo.fr/docs/desk3/candidat-tracker/2021_10_11_michel_barnier.png
Emmanuel Macron,20211112_bva,24.0538,29.9462,1,La République en marche,CENT,https://www.francetvinfo.fr/docs/desk3/candidat-tracker/2021_10_11_emmanuel_macron.png
Arnaud Montebourg,20211112_bva,1.0709,2.9291,13,Sans étiquette,GAUC,https://www.francetvinfo.fr/docs/desk3/candidat-tracker/2021_10_11_arnaud_montebourg.png
Nathalie Arthaud,20211112_bva,0.3397,1.6603,17,Parti communiste français,EXGA,https://www.francetvinfo.fr/docs/desk3/candidat-tracker/2021_10_11_nathalie_arthaud.png
François Asselineau,20211112_bva,0,0,19,Union populaire républicaine,DIV,https://www.francetvinfo.fr/docs/desk3/candidat-tracker/2021_10_11_francois_asselineau.png
Anne Hidalgo,20211112_bva,2.6996000000000002,5.3004,9,Parti socialiste,GAUC,https://www.francetvinfo.fr/docs/desk3/candidat-tracker/2021_10_11_anne_hidalgo.png
Jean-Luc Mélenchon,20211112_bva,5.7521,9.2479,6,La France insoumise,EXGA,https://www.francetvinfo.fr/docs/desk3/candidat-tracker/2021_10_11_jean_luc-melenchon.png
Arnaud Montebourg,20211115_ow,2.0257,3.9743,13,Sans étiquette,GAUC,https://www.francetvinfo.fr/docs/desk3/candidat-tracker/2021_10_11_arnaud_montebourg.png
Nathalie Arthaud,20211115_ow,0.4317,1.5683,17,Parti communiste français,EXGA,https://www.francetvinfo.fr/docs/desk3/candidat-tracker/2021_10_11_nathalie_arthaud.png
Anne Hidalgo,20211115_ow,3.7553,6.2447,9,Parti socialiste,GAUC,https://www.francetvinfo.fr/docs/desk3/candidat-tracker/2021_10_11_anne_hidalgo.png
Yannick Jadot,20211115_ow,6.4506,9.5494,8,Europe Ecologie-Les Verts,ECO,https://www.francetvinfo.fr/docs/desk3/candidat-tracker/2021_10_11_yannick_jadot.png
Marine Le Pen,20211115_ow,16.7595,21.2405,2,Rassemblement national,EXDR,https://www.francetvinfo.fr/docs/desk3/candidat-tracker/2021_10_11_marine_le_pen.png
Nicolas Dupont-Aignan,20211115_ow,2.0257,3.9743,12,Debout la France,EXDR,https://www.francetvinfo.fr/docs/desk3/candidat-tracker/2021_10_11_nicolas_dupont_aignan.png
Eric Zemmour,20211115_ow,10.1441,13.8559,3,Sans étiquette,EXDR,https://www.francetvinfo.fr/docs/desk3/candidat-tracker/2021_10_11_eric_zemmour.png
Philippe Poutou,20211115_ow,0.4317,1.5683,15,Nouveau parti anticapitaliste,EXGA,https://www.francetvinfo.fr/docs/desk3/candidat-tracker/2021_10_11_philippe_poutou.png
Jean-Luc Mélenchon,20211115_ow,7.3655,10.6345,6,La France insoumise,EXGA,https://www.francetvinfo.fr/docs/desk3/candidat-tracker/2021_10_11_jean_luc-melenchon.png
Xavier Bertrand,20211115_ow,11.0793,14.9207,4,Les Républicains,DROI,https://www.francetvinfo.fr/docs/desk3/candidat-tracker/2021_10_11_xavier_bertrand.png
Fabien Roussel,20211115_ow,1.2004,2.7996,14,Lutte ouvrière,EXGA,https://www.francetvinfo.fr/docs/desk3/candidat-tracker/2021_10_11_fabien_roussel.png
Emmanuel Macron,20211115_ow,21.5608,26.4392,1,La République en marche,CENT,https://www.francetvinfo.fr/docs/desk3/candidat-tracker/2021_10_11_emmanuel_macron.png
Marine Le Pen,20211115_ow,17.7295,22.2705,2,Rassemblement national,EXDR,https://www.francetvinfo.fr/docs/desk3/candidat-tracker/2021_10_11_marine_le_pen.png
Philippe Poutou,20211115_ow,0.4352,1.5648,15,Nouveau parti anticapitaliste,EXGA,https://www.francetvinfo.fr/docs/desk3/candidat-tracker/2021_10_11_philippe_poutou.png
Fabien Roussel,20211115_ow,1.2053,2.7947,14,Lutte ouvrière,EXGA,https://www.francetvinfo.fr/docs/desk3/candidat-tracker/2021_10_11_fabien_roussel.png
Nicolas Dupont-Aignan,20211115_ow,2.0317,3.9683,12,Debout la France,EXDR,https://www.francetvinfo.fr/docs/desk3/candidat-tracker/2021_10_11_nicolas_dupont_aignan.png
Jean-Luc Mélenchon,20211115_ow,7.3755,10.6245,6,La France insoumise,EXGA,https://www.francetvinfo.fr/docs/desk3/candidat-tracker/2021_10_11_jean_luc-melenchon.png
Anne Hidalgo,20211115_ow,4.6519,7.3481,9,Parti socialiste,GAUC,https://www.francetvinfo.fr/docs/desk3/candidat-tracker/2021_10_11_anne_hidalgo.png
Emmanuel Macron,20211115_ow,21.5757,26.4243,1,La République en marche,CENT,https://www.francetvinfo.fr/docs/desk3/candidat-tracker/2021_10_11_emmanuel_macron.png
Nathalie Arthaud,20211115_ow,0.4352,1.5648,17,Parti communiste français,EXGA,https://www.francetvinfo.fr/docs/desk3/candidat-tracker/2021_10_11_nathalie_arthaud.png
Valérie Pécresse,20211115_ow,9.2239,12.7761,5,Les Républicains,DROI,https://www.francetvinfo.fr/docs/desk3/candidat-tracker/2021_10_11_valerie_pecresse.png
Eric Zemmour,20211115_ow,10.1554,13.8446,3,Sans étiquette,EXDR,https://www.francetvinfo.fr/docs/desk3/candidat-tracker/2021_10_11_eric_zemmour.png
Yannick Jadot,20211115_ow,6.4601,9.5399,8,Europe Ecologie-Les Verts,ECO,https://www.francetvinfo.fr/docs/desk3/candidat-tracker/2021_10_11_yannick_jadot.png
Arnaud Montebourg,20211115_ow,2.0317,3.9683,13,Sans étiquette,GAUC,https://www.francetvinfo.fr/docs/desk3/candidat-tracker/2021_10_11_arnaud_montebourg.png
Yannick Jadot,20211115_ow,6.4409,9.5591,8,Europe Ecologie-Les Verts,ECO,https://www.francetvinfo.fr/docs/desk3/candidat-tracker/2021_10_11_yannick_jadot.png
Fabien Roussel,20211115_ow,1.1954,2.8046,14,Lutte ouvrière,EXGA,https://www.francetvinfo.fr/docs/desk3/candidat-tracker/2021_10_11_fabien_roussel.png
Anne Hidalgo,20211115_ow,4.6352,7.3648,9,Parti socialiste,GAUC,https://www.francetvinfo.fr/docs/desk3/candidat-tracker/2021_10_11_anne_hidalgo.png
Emmanuel Macron,20211115_ow,22.5115,27.4885,1,La République en marche,CENT,https://www.francetvinfo.fr/docs/desk3/candidat-tracker/2021_10_11_emmanuel_macron.png
Nathalie Arthaud,20211115_ow,0.4282,1.5718,17,Parti communiste français,EXGA,https://www.francetvinfo.fr/docs/desk3/candidat-tracker/2021_10_11_nathalie_arthaud.png
Philippe Poutou,20211115_ow,1.1954,2.8046,15,Nouveau parti anticapitaliste,EXGA,https://www.francetvinfo.fr/docs/desk3/candidat-tracker/2021_10_11_philippe_poutou.png
Marine Le Pen,20211115_ow,23.4792,28.5208,2,Rassemblement national,EXDR,https://www.francetvinfo.fr/docs/desk3/candidat-tracker/2021_10_11_marine_le_pen.png
Arnaud Montebourg,20211115_ow,2.0197,3.9803,13,Sans étiquette,GAUC,https://www.francetvinfo.fr/docs/desk3/candidat-tracker/2021_10_11_arnaud_montebourg.png
Nicolas Dupont-Aignan,20211115_ow,2.8739,5.1261,12,Debout la France,EXDR,https://www.francetvinfo.fr/docs/desk3/candidat-tracker/2021_10_11_nicolas_dupont_aignan.png
Jean-Luc Mélenchon,20211115_ow,7.3554,10.6446,6,La France insoumise,EXGA,https://www.francetvinfo.fr/docs/desk3/candidat-tracker/2021_10_11_jean_luc-melenchon.png
Xavier Bertrand,20211115_ow,12.0059,15.9941,4,Les Républicains,DROI,https://www.francetvinfo.fr/docs/desk3/candidat-tracker/2021_10_11_xavier_bertrand.png
Eric Zemmour,20211115_ow,10.1441,13.8559,3,Sans étiquette,EXDR,https://www.francetvinfo.fr/docs/desk3/candidat-tracker/2021_10_11_eric_zemmour.png
Nicolas Dupont-Aignan,20211115_ow,2.0257,3.9743,12,Debout la France,EXDR,https://www.francetvinfo.fr/docs/desk3/candidat-tracker/2021_10_11_nicolas_dupont_aignan.png
Jean-Luc Mélenchon,20211115_ow,7.3655,10.6345,6,La France insoumise,EXGA,https://www.francetvinfo.fr/docs/desk3/candidat-tracker/2021_10_11_jean_luc-melenchon.png
Philippe Poutou,20211115_ow,0.4317,1.5683,15,Nouveau parti anticapitaliste,EXGA,https://www.francetvinfo.fr/docs/desk3/candidat-tracker/2021_10_11_philippe_poutou.png
Emmanuel Macron,20211115_ow,22.527,27.473,1,La République en marche,CENT,https://www.francetvinfo.fr/docs/desk3/candidat-tracker/2021_10_11_emmanuel_macron.png
Fabien Roussel,20211115_ow,1.2004,2.7996,14,Lutte ouvrière,EXGA,https://www.francetvinfo.fr/docs/desk3/candidat-tracker/2021_10_11_fabien_roussel.png
Marine Le Pen,20211115_ow,18.6738,23.3262,2,Rassemblement national,EXDR,https://www.francetvinfo.fr/docs/desk3/candidat-tracker/2021_10_11_marine_le_pen.png
Anne Hidalgo,20211115_ow,4.6437,7.3563,9,Parti socialiste,GAUC,https://www.francetvinfo.fr/docs/desk3/candidat-tracker/2021_10_11_anne_hidalgo.png
Arnaud Montebourg,20211115_ow,2.0257,3.9743,13,Sans étiquette,GAUC,https://www.francetvinfo.fr/docs/desk3/candidat-tracker/2021_10_11_arnaud_montebourg.png
Yannick Jadot,20211115_ow,6.4506,9.5494,8,Europe Ecologie-Les Verts,ECO,https://www.francetvinfo.fr/docs/desk3/candidat-tracker/2021_10_11_yannick_jadot.png
Nathalie Arthaud,20211115_ow,0.4317,1.5683,17,Parti communiste français,EXGA,https://www.francetvinfo.fr/docs/desk3/candidat-tracker/2021_10_11_nathalie_arthaud.png
Michel Barnier,20211115_ow,7.3655,10.6345,7,Les Républicains,DROI,https://www.francetvinfo.fr/docs/desk3/candidat-tracker/2021_10_11_michel_barnier.png
Florian Philippot,20211105_hi,0.5299,1.4701,16,Les Patriotes,EXDR,https://www.francetvinfo.fr/docs/desk3/candidat-tracker/2021_10_11_florian_philippot.png
Yannick Jadot,20211105_hi,7.6478,10.3522,8,Europe Ecologie-Les Verts,ECO,https://www.francetvinfo.fr/docs/desk3/candidat-tracker/2021_10_11_yannick_jadot.png
François Asselineau,20211105_hi,0,0,19,Union populaire républicaine,DIV,https://www.francetvinfo.fr/docs/desk3/candidat-tracker/2021_10_11_francois_asselineau.png
Anne Hidalgo,20211105_hi,3.0741,4.9259,9,Parti socialiste,GAUC,https://www.francetvinfo.fr/docs/desk3/candidat-tracker/2021_10_11_anne_hidalgo.png
Eric Zemmour,20211105_hi,17.1465,20.8535,3,Sans étiquette,EXDR,https://www.francetvinfo.fr/docs/desk3/candidat-tracker/2021_10_11_eric_zemmour.png
Nathalie Arthaud,20211105_hi,0.5299,1.4701,17,Parti communiste français,EXGA,https://www.francetvinfo.fr/docs/desk3/candidat-tracker/2021_10_11_nathalie_arthaud.png
Emmanuel Macron,20211105_hi,21.9821,26.0179,1,La République en marche,CENT,https://www.francetvinfo.fr/docs/desk3/candidat-tracker/2021_10_11_emmanuel_macron.png
Marine Le Pen,20211105_hi,13.3129,16.6871,2,Rassemblement national,EXDR,https://www.francetvinfo.fr/docs/desk3/candidat-tracker/2021_10_11_marine_le_pen.png
Michel Barnier,20211105_hi,8.5826,11.4174,7,Les Républicains,DROI,https://www.francetvinfo.fr/docs/desk3/candidat-tracker/2021_10_11_michel_barnier.png
Jean-Luc Mélenchon,20211105_hi,8.5826,11.4174,6,La France insoumise,EXGA,https://www.francetvinfo.fr/docs/desk3/candidat-tracker/2021_10_11_jean_luc-melenchon.png
Philippe Poutou,20211105_hi,0.5299,1.4701,15,Nouveau parti anticapitaliste,EXGA,https://www.francetvinfo.fr/docs/desk3/candidat-tracker/2021_10_11_philippe_poutou.png
Nicolas Dupont-Aignan,20211105_hi,1.3385,2.6615,12,Debout la France,EXDR,https://www.francetvinfo.fr/docs/desk3/candidat-tracker/2021_10_11_nicolas_dupont_aignan.png
Arnaud Montebourg,20211105_hi,1.3385,2.6615,13,Sans étiquette,GAUC,https://www.francetvinfo.fr/docs/desk3/candidat-tracker/2021_10_11_arnaud_montebourg.png
Fabien Roussel,20211105_hi,1.3385,2.6615,14,Lutte ouvrière,EXGA,https://www.francetvinfo.fr/docs/desk3/candidat-tracker/2021_10_11_fabien_roussel.png
Jean Lassalle,20211105_hi,0,0,18,Résistons,DIV,https://www.francetvinfo.fr/docs/desk3/candidat-tracker/2021_10_11_jean_lassalle.png
Yannick Jadot,20211105_hi,7.6478,10.3522,8,Europe Ecologie-Les Verts,ECO,https://www.francetvinfo.fr/docs/desk3/candidat-tracker/2021_10_11_yannick_jadot.png
Fabien Roussel,20211105_hi,1.3385,2.6615,14,Lutte ouvrière,EXGA,https://www.francetvinfo.fr/docs/desk3/candidat-tracker/2021_10_11_fabien_roussel.png
Nathalie Arthaud,20211105_hi,0.5299,1.4701,17,Parti communiste français,EXGA,https://www.francetvinfo.fr/docs/desk3/candidat-tracker/2021_10_11_nathalie_arthaud.png
Jean Lassalle,20211105_hi,0,0,18,Résistons,DIV,https://www.francetvinfo.fr/docs/desk3/candidat-tracker/2021_10_11_jean_lassalle.png
Florian Philippot,20211105_hi,0.5299,1.4701,16,Les Patriotes,EXDR,https://www.francetvinfo.fr/docs/desk3/candidat-tracker/2021_10_11_florian_philippot.png
Anne Hidalgo,20211105_hi,3.0741,4.9259,9,Parti socialiste,GAUC,https://www.francetvinfo.fr/docs/desk3/candidat-tracker/2021_10_11_anne_hidalgo.png
Arnaud Montebourg,20211105_hi,1.3385,2.6615,13,Sans étiquette,GAUC,https://www.francetvinfo.fr/docs/desk3/candidat-tracker/2021_10_11_arnaud_montebourg.png
Marine Le Pen,20211105_hi,14.2679,17.7321,2,Rassemblement national,EXDR,https://www.francetvinfo.fr/docs/desk3/candidat-tracker/2021_10_11_marine_le_pen.png
Eric Zemmour,20211105_hi,16.1848,19.8152,3,Sans étiquette,EXDR,https://www.francetvinfo.fr/docs/desk3/candidat-tracker/2021_10_11_eric_zemmour.png
Jean-Luc Mélenchon,20211105_hi,8.5826,11.4174,6,La France insoumise,EXGA,https://www.francetvinfo.fr/docs/desk3/candidat-tracker/2021_10_11_jean_luc-melenchon.png
Philippe Poutou,20211105_hi,0.5299,1.4701,15,Nouveau parti anticapitaliste,EXGA,https://www.francetvinfo.fr/docs/desk3/candidat-tracker/2021_10_11_philippe_poutou.png
Valérie Pécresse,20211105_hi,8.5826,11.4174,5,Les Républicains,DROI,https://www.francetvinfo.fr/docs/desk3/candidat-tracker/2021_10_11_valerie_pecresse.png
Nicolas Dupont-Aignan,20211105_hi,1.3385,2.6615,12,Debout la France,EXDR,https://www.francetvinfo.fr/docs/desk3/candidat-tracker/2021_10_11_nicolas_dupont_aignan.png
François Asselineau,20211105_hi,0,0,19,Union populaire républicaine,DIV,https://www.francetvinfo.fr/docs/desk3/candidat-tracker/2021_10_11_francois_asselineau.png
Emmanuel Macron,20211105_hi,21.9821,26.0179,1,La République en marche,CENT,https://www.francetvinfo.fr/docs/desk3/candidat-tracker/2021_10_11_emmanuel_macron.png
Eric Zemmour,20211105_hi,16.1848,19.8152,3,Sans étiquette,EXDR,https://www.francetvinfo.fr/docs/desk3/candidat-tracker/2021_10_11_eric_zemmour.png
Fabien Roussel,20211105_hi,1.3385,2.6615,14,Lutte ouvrière,EXGA,https://www.francetvinfo.fr/docs/desk3/candidat-tracker/2021_10_11_fabien_roussel.png
François Asselineau,20211105_hi,0,0,19,Union populaire républicaine,DIV,https://www.francetvinfo.fr/docs/desk3/candidat-tracker/2021_10_11_francois_asselineau.png
Emmanuel Macron,20211105_hi,21.0117,24.9883,1,La République en marche,CENT,https://www.francetvinfo.fr/docs/desk3/candidat-tracker/2021_10_11_emmanuel_macron.png
Jean-Luc Mélenchon,20211105_hi,8.5826,11.4174,6,La France insoumise,EXGA,https://www.francetvinfo.fr/docs/desk3/candidat-tracker/2021_10_11_jean_luc-melenchon.png
Nathalie Arthaud,20211105_hi,0.5299,1.4701,17,Parti communiste français,EXGA,https://www.francetvinfo.fr/docs/desk3/candidat-tracker/2021_10_11_nathalie_arthaud.png
Marine Le Pen,20211105_hi,13.3129,16.6871,2,Rassemblement national,EXDR,https://www.francetvinfo.fr/docs/desk3/candidat-tracker/2021_10_11_marine_le_pen.png
Arnaud Montebourg,20211105_hi,1.3385,2.6615,13,Sans étiquette,GAUC,https://www.francetvinfo.fr/docs/desk3/candidat-tracker/2021_10_11_arnaud_montebourg.png
Nicolas Dupont-Aignan,20211105_hi,0.5299,1.4701,12,Debout la France,EXDR,https://www.francetvinfo.fr/docs/desk3/candidat-tracker/2021_10_11_nicolas_dupont_aignan.png
Xavier Bertrand,20211105_hi,12.3606,15.6394,4,Les Républicains,DROI,https://www.francetvinfo.fr/docs/desk3/candidat-tracker/2021_10_11_xavier_bertrand.png
Florian Philippot,20211105_hi,0.5299,1.4701,16,Les Patriotes,EXDR,https://www.francetvinfo.fr/docs/desk3/candidat-tracker/2021_10_11_florian_philippot.png
Philippe Poutou,20211105_hi,0.5299,1.4701,15,Nouveau parti anticapitaliste,EXGA,https://www.francetvinfo.fr/docs/desk3/candidat-tracker/2021_10_11_philippe_poutou.png
Yannick Jadot,20211105_hi,6.7182,9.2818,8,Europe Ecologie-Les Verts,ECO,https://www.francetvinfo.fr/docs/desk3/candidat-tracker/2021_10_11_yannick_jadot.png
Anne Hidalgo,20211105_hi,3.0741,4.9259,9,Parti socialiste,GAUC,https://www.francetvinfo.fr/docs/desk3/candidat-tracker/2021_10_11_anne_hidalgo.png
Jean Lassalle,20211105_hi,0,0,18,Résistons,DIV,https://www.francetvinfo.fr/docs/desk3/candidat-tracker/2021_10_11_jean_lassalle.png
Fabien Roussel,20211110_elb,1.1056,2.8944,14,Lutte ouvrière,EXGA,https://www.francetvinfo.fr/docs/desk3/candidat-tracker/2021_10_11_fabien_roussel.png
Anne Hidalgo,20211110_elb,4.4829,7.5171,9,Parti socialiste,GAUC,https://www.francetvinfo.fr/docs/desk3/candidat-tracker/2021_10_11_anne_hidalgo.png
Philippe Poutou,20211110_elb,0.3644,1.6356,15,Nouveau parti anticapitaliste,EXGA,https://www.francetvinfo.fr/docs/desk3/candidat-tracker/2021_10_11_philippe_poutou.png
Philippe Juvin,20211110_elb,2.7482,5.2518,11,Les Républicains,DROI,https://www.francetvinfo.fr/docs/desk3/candidat-tracker/2021_10_11_philippe_juvin.png
Jean-Luc Mélenchon,20211110_elb,7.1718,10.8282,6,La France insoumise,EXGA,https://www.francetvinfo.fr/docs/desk3/candidat-tracker/2021_10_11_jean_luc-melenchon.png
Florian Philippot,20211110_elb,0.3644,1.6356,16,Les Patriotes,EXDR,https://www.francetvinfo.fr/docs/desk3/candidat-tracker/2021_10_11_florian_philippot.png
Emmanuel Macron,20211110_elb,26.1012,31.8988,1,La République en marche,CENT,https://www.francetvinfo.fr/docs/desk3/candidat-tracker/2021_10_11_emmanuel_macron.png
François Asselineau,20211110_elb,0.3644,1.6356,19,Union populaire républicaine,DIV,https://www.francetvinfo.fr/docs/desk3/candidat-tracker/2021_10_11_francois_asselineau.png
Nathalie Arthaud,20211110_elb,0.3644,1.6356,17,Parti communiste français,EXGA,https://www.francetvinfo.fr/docs/desk3/candidat-tracker/2021_10_11_nathalie_arthaud.png
Marine Le Pen,20211110_elb,15.5457,20.4543,2,Rassemblement national,EXDR,https://www.francetvinfo.fr/docs/desk3/candidat-tracker/2021_10_11_marine_le_pen.png
Arnaud Montebourg,20211110_elb,1.1056,2.8944,13,Sans étiquette,GAUC,https://www.francetvinfo.fr/docs/desk3/candidat-tracker/2021_10_11_arnaud_montebourg.png
Yannick Jadot,20211110_elb,6.2669,9.7331,8,Europe Ecologie-Les Verts,ECO,https://www.francetvinfo.fr/docs/desk3/candidat-tracker/2021_10_11_yannick_jadot.png
Nicolas Dupont-Aignan,20211110_elb,1.1056,2.8944,12,Debout la France,EXDR,https://www.francetvinfo.fr/docs/desk3/candidat-tracker/2021_10_11_nicolas_dupont_aignan.png
Eric Zemmour,20211110_elb,12.7189,17.2811,3,Sans étiquette,EXDR,https://www.francetvinfo.fr/docs/desk3/candidat-tracker/2021_10_11_eric_zemmour.png
Jean Lassalle,20211110_elb,0.3644,1.6356,18,Résistons,DIV,https://www.francetvinfo.fr/docs/desk3/candidat-tracker/2021_10_11_jean_lassalle.png
François Asselineau,20211110_elb,0.0545,0.9455,19,Union populaire républicaine,DIV,https://www.francetvinfo.fr/docs/desk3/candidat-tracker/2021_10_11_francois_asselineau.png
Anne Hidalgo,20211110_elb,3.6234,6.3766,9,Parti socialiste,GAUC,https://www.francetvinfo.fr/docs/desk3/candidat-tracker/2021_10_11_anne_hidalgo.png
Yannick Jadot,20211110_elb,5.3885,8.6115,8,Europe Ecologie-Les Verts,ECO,https://www.francetvinfo.fr/docs/desk3/candidat-tracker/2021_10_11_yannick_jadot.png
Philippe Poutou,20211110_elb,1.1157,2.8843,15,Nouveau parti anticapitaliste,EXGA,https://www.francetvinfo.fr/docs/desk3/candidat-tracker/2021_10_11_philippe_poutou.png
Jean Lassalle,20211110_elb,0.3716,1.6284,18,Résistons,DIV,https://www.francetvinfo.fr/docs/desk3/candidat-tracker/2021_10_11_jean_lassalle.png
Marine Le Pen,20211110_elb,14.6275,19.3725,2,Rassemblement national,EXDR,https://www.francetvinfo.fr/docs/desk3/candidat-tracker/2021_10_11_marine_le_pen.png
Arnaud Montebourg,20211110_elb,1.1157,2.8843,13,Sans étiquette,GAUC,https://www.francetvinfo.fr/docs/desk3/candidat-tracker/2021_10_11_arnaud_montebourg.png
Jean-Luc Mélenchon,20211110_elb,6.2865,9.7135,6,La France insoumise,EXGA,https://www.francetvinfo.fr/docs/desk3/candidat-tracker/2021_10_11_jean_luc-melenchon.png
Emmanuel Macron,20211110_elb,22.2651,27.7349,1,La République en marche,CENT,https://www.francetvinfo.fr/docs/desk3/candidat-tracker/2021_10_11_emmanuel_macron.png
Florian Philippot,20211110_elb,0.0545,0.9455,16,Les Patriotes,EXDR,https://www.francetvinfo.fr/docs/desk3/candidat-tracker/2021_10_11_florian_philippot.png
Eric Zemmour,20211110_elb,11.8084,16.1916,3,Sans étiquette,EXDR,https://www.francetvinfo.fr/docs/desk3/candidat-tracker/2021_10_11_eric_zemmour.png
Fabien Roussel,20211110_elb,1.1157,2.8843,14,Lutte ouvrière,EXGA,https://www.francetvinfo.fr/docs/desk3/candidat-tracker/2021_10_11_fabien_roussel.png
Nicolas Dupont-Aignan,20211110_elb,1.1157,2.8843,12,Debout la France,EXDR,https://www.francetvinfo.fr/docs/desk3/candidat-tracker/2021_10_11_nicolas_dupont_aignan.png
Nathalie Arthaud,20211110_elb,0.3716,1.6284,17,Parti communiste français,EXGA,https://www.francetvinfo.fr/docs/desk3/candidat-tracker/2021_10_11_nathalie_arthaud.png
Xavier Bertrand,20211110_elb,10.8759,15.1241,4,Les Républicains,DROI,https://www.francetvinfo.fr/docs/desk3/candidat-tracker/2021_10_11_xavier_bertrand.png
Nathalie Arthaud,20211110_elb,0.368,1.632,17,Parti communiste français,EXGA,https://www.francetvinfo.fr/docs/desk3/candidat-tracker/2021_10_11_nathalie_arthaud.png
Philippe Poutou,20211110_elb,1.1107,2.8893,15,Nouveau parti anticapitaliste,EXGA,https://www.francetvinfo.fr/docs/desk3/candidat-tracker/2021_10_11_philippe_poutou.png
Eric Zemmour,20211110_elb,11.796,16.204,3,Sans étiquette,EXDR,https://www.francetvinfo.fr/docs/desk3/candidat-tracker/2021_10_11_eric_zemmour.png
François Asselineau,20211110_elb,0,0,19,Union populaire républicaine,DIV,https://www.francetvinfo.fr/docs/desk3/candidat-tracker/2021_10_11_francois_asselineau.png
Jean-Luc Mélenchon,20211110_elb,6.2768,9.7232,6,La France insoumise,EXGA,https://www.francetvinfo.fr/docs/desk3/candidat-tracker/2021_10_11_jean_luc-melenchon.png
Fabien Roussel,20211110_elb,1.1107,2.8893,14,Lutte ouvrière,EXGA,https://www.francetvinfo.fr/docs/desk3/candidat-tracker/2021_10_11_fabien_roussel.png
Valérie Pécresse,20211110_elb,9.0126,12.9874,5,Les Républicains,DROI,https://www.francetvinfo.fr/docs/desk3/candidat-tracker/2021_10_11_valerie_pecresse.png
Jean Lassalle,20211110_elb,0.052,0.948,18,Résistons,DIV,https://www.francetvinfo.fr/docs/desk3/candidat-tracker/2021_10_11_jean_lassalle.png
Nicolas Dupont-Aignan,20211110_elb,1.1107,2.8893,12,Debout la France,EXDR,https://www.francetvinfo.fr/docs/desk3/candidat-tracker/2021_10_11_nicolas_dupont_aignan.png
Anne Hidalgo,20211110_elb,3.6156,6.3844,9,Parti socialiste,GAUC,https://www.francetvinfo.fr/docs/desk3/candidat-tracker/2021_10_11_anne_hidalgo.png
Emmanuel Macron,20211110_elb,24.18,29.82,1,La République en marche,CENT,https://www.francetvinfo.fr/docs/desk3/candidat-tracker/2021_10_11_emmanuel_macron.png
Arnaud Montebourg,20211110_elb,1.1107,2.8893,13,Sans étiquette,GAUC,https://www.francetvinfo.fr/docs/desk3/candidat-tracker/2021_10_11_arnaud_montebourg.png
Yannick Jadot,20211110_elb,5.3793,8.6207,8,Europe Ecologie-Les Verts,ECO,https://www.francetvinfo.fr/docs/desk3/candidat-tracker/2021_10_11_yannick_jadot.png
Marine Le Pen,20211110_elb,15.5597,20.4403,2,Rassemblement national,EXDR,https://www.francetvinfo.fr/docs/desk3/candidat-tracker/2021_10_11_marine_le_pen.png
Florian Philippot,20211110_elb,0.052,0.948,16,Les Patriotes,EXDR,https://www.francetvinfo.fr/docs/desk3/candidat-tracker/2021_10_11_florian_philippot.png
Jean-Luc Mélenchon,20211110_elb,6.2865,9.7135,6,La France insoumise,EXGA,https://www.francetvinfo.fr/docs/desk3/candidat-tracker/2021_10_11_jean_luc-melenchon.png
Emmanuel Macron,20211110_elb,25.1641,30.8359,1,La République en marche,CENT,https://www.francetvinfo.fr/docs/desk3/candidat-tracker/2021_10_11_emmanuel_macron.png
Florian Philippot,20211110_elb,0.0545,0.9455,16,Les Patriotes,EXDR,https://www.francetvinfo.fr/docs/desk3/candidat-tracker/2021_10_11_florian_philippot.png
Anne Hidalgo,20211110_elb,3.6234,6.3766,9,Parti socialiste,GAUC,https://www.francetvinfo.fr/docs/desk3/candidat-tracker/2021_10_11_anne_hidalgo.png
Eric Zemmour,20211110_elb,10.8759,15.1241,3,Sans étiquette,EXDR,https://www.francetvinfo.fr/docs/desk3/candidat-tracker/2021_10_11_eric_zemmour.png
Philippe Poutou,20211110_elb,1.1157,2.8843,15,Nouveau parti anticapitaliste,EXGA,https://www.francetvinfo.fr/docs/desk3/candidat-tracker/2021_10_11_philippe_poutou.png
Jean Lassalle,20211110_elb,0.3716,1.6284,18,Résistons,DIV,https://www.francetvinfo.fr/docs/desk3/candidat-tracker/2021_10_11_jean_lassalle.png
Michel Barnier,20211110_elb,7.1925,10.8075,7,Les Républicains,DROI,https://www.francetvinfo.fr/docs/desk3/candidat-tracker/2021_10_11_michel_barnier.png
Marine Le Pen,20211110_elb,15.5734,20.4266,2,Rassemblement national,EXDR,https://www.francetvinfo.fr/docs/desk3/candidat-tracker/2021_10_11_marine_le_pen.png
Nathalie Arthaud,20211110_elb,0.3716,1.6284,17,Parti communiste français,EXGA,https://www.francetvinfo.fr/docs/desk3/candidat-tracker/2021_10_11_nathalie_arthaud.png
Nicolas Dupont-Aignan,20211110_elb,1.1157,2.8843,12,Debout la France,EXDR,https://www.francetvinfo.fr/docs/desk3/candidat-tracker/2021_10_11_nicolas_dupont_aignan.png
Arnaud Montebourg,20211110_elb,1.1157,2.8843,13,Sans étiquette,GAUC,https://www.francetvinfo.fr/docs/desk3/candidat-tracker/2021_10_11_arnaud_montebourg.png
Yannick Jadot,20211110_elb,6.2865,9.7135,8,Europe Ecologie-Les Verts,ECO,https://www.francetvinfo.fr/docs/desk3/candidat-tracker/2021_10_11_yannick_jadot.png
François Asselineau,20211110_elb,0.0545,0.9455,19,Union populaire républicaine,DIV,https://www.francetvinfo.fr/docs/desk3/candidat-tracker/2021_10_11_francois_asselineau.png
Fabien Roussel,20211110_elb,1.1157,2.8843,14,Lutte ouvrière,EXGA,https://www.francetvinfo.fr/docs/desk3/candidat-tracker/2021_10_11_fabien_roussel.png
François Asselineau,20211110_elb,0.3644,1.6356,19,Union populaire républicaine,DIV,https://www.francetvinfo.fr/docs/desk3/candidat-tracker/2021_10_11_francois_asselineau.png
Jean Lassalle,20211110_elb,0.3644,1.6356,18,Résistons,DIV,https://www.francetvinfo.fr/docs/desk3/candidat-tracker/2021_10_11_jean_lassalle.png
Florian Philippot,20211110_elb,0.3644,1.6356,16,Les Patriotes,EXDR,https://www.francetvinfo.fr/docs/desk3/candidat-tracker/2021_10_11_florian_philippot.png
Yannick Jadot,20211110_elb,6.2669,9.7331,8,Europe Ecologie-Les Verts,ECO,https://www.francetvinfo.fr/docs/desk3/candidat-tracker/2021_10_11_yannick_jadot.png
Emmanuel Macron,20211110_elb,27.0725,32.9275,1,La République en marche,CENT,https://www.francetvinfo.fr/docs/desk3/candidat-tracker/2021_10_11_emmanuel_macron.png
Eric Ciotti,20211110_elb,3.6077,6.3923,10,Les Républicains,DROI,https://www.francetvinfo.fr/docs/desk3/candidat-tracker/2021_10_11_eric_ciotti.png
Arnaud Montebourg,20211110_elb,1.1056,2.8944,13,Sans étiquette,GAUC,https://www.francetvinfo.fr/docs/desk3/candidat-tracker/2021_10_11_arnaud_montebourg.png
Eric Zemmour,20211110_elb,12.7189,17.2811,3,Sans étiquette,EXDR,https://www.francetvinfo.fr/docs/desk3/candidat-tracker/2021_10_11_eric_zemmour.png
Jean-Luc Mélenchon,20211110_elb,6.2669,9.7331,6,La France insoumise,EXGA,https://www.francetvinfo.fr/docs/desk3/candidat-tracker/2021_10_11_jean_luc-melenchon.png
Anne Hidalgo,20211110_elb,3.6077,6.3923,9,Parti socialiste,GAUC,https://www.francetvinfo.fr/docs/desk3/candidat-tracker/2021_10_11_anne_hidalgo.png
Nicolas Dupont-Aignan,20211110_elb,1.1056,2.8944,12,Debout la France,EXDR,https://www.francetvinfo.fr/docs/desk3/candidat-tracker/2021_10_11_nicolas_dupont_aignan.png
Marine Le Pen,20211110_elb,14.6004,19.3996,2,Rassemblement national,EXDR,https://www.francetvinfo.fr/docs/desk3/candidat-tracker/2021_10_11_marine_le_pen.png
Fabien Roussel,20211110_elb,1.1056,2.8944,14,Lutte ouvrière,EXGA,https://www.francetvinfo.fr/docs/desk3/candidat-tracker/2021_10_11_fabien_roussel.png
Nathalie Arthaud,20211110_elb,0.3644,1.6356,17,Parti communiste français,EXGA,https://www.francetvinfo.fr/docs/desk3/candidat-tracker/2021_10_11_nathalie_arthaud.png
Philippe Poutou,20211110_elb,1.1056,2.8944,15,Nouveau parti anticapitaliste,EXGA,https://www.francetvinfo.fr/docs/desk3/candidat-tracker/2021_10_11_philippe_poutou.png
Yannick Jadot,20211123_elb,6.2237,9.7763,8,Europe Ecologie-Les Verts,ECO,https://www.francetvinfo.fr/docs/desk3/candidat-tracker/2021_10_11_yannick_jadot.png
Jean Lassalle,20211123_elb,0.3485,1.6515,18,Résistons,DIV,https://www.francetvinfo.fr/docs/desk3/candidat-tracker/2021_10_11_jean_lassalle.png
Eric Ciotti,20211123_elb,3.573,6.427,10,Les Républicains,DROI,https://www.francetvinfo.fr/docs/desk3/candidat-tracker/2021_10_11_eric_ciotti.png
Philippe Poutou,20211123_elb,0.3485,1.6515,15,Nouveau parti anticapitaliste,EXGA,https://www.francetvinfo.fr/docs/desk3/candidat-tracker/2021_10_11_philippe_poutou.png
Anne Hidalgo,20211123_elb,2.717,5.283,9,Parti socialiste,GAUC,https://www.francetvinfo.fr/docs/desk3/candidat-tracker/2021_10_11_anne_hidalgo.png
Arnaud Montebourg,20211123_elb,1.0834,2.9166,13,Sans étiquette,GAUC,https://www.francetvinfo.fr/docs/desk3/candidat-tracker/2021_10_11_arnaud_montebourg.png
François Asselineau,20211123_elb,0.3485,1.6515,19,Union populaire républicaine,DIV,https://www.francetvinfo.fr/docs/desk3/candidat-tracker/2021_10_11_francois_asselineau.png
Fabien Roussel,20211123_elb,1.0834,2.9166,14,Lutte ouvrière,EXGA,https://www.francetvinfo.fr/docs/desk3/candidat-tracker/2021_10_11_fabien_roussel.png
Nathalie Arthaud,20211123_elb,0.3485,1.6515,17,Parti communiste français,EXGA,https://www.francetvinfo.fr/docs/desk3/candidat-tracker/2021_10_11_nathalie_arthaud.png
Nicolas Dupont-Aignan,20211123_elb,1.8831,4.1169,12,Debout la France,EXDR,https://www.francetvinfo.fr/docs/desk3/candidat-tracker/2021_10_11_nicolas_dupont_aignan.png
Florian Philippot,20211123_elb,0.3485,1.6515,16,Les Patriotes,EXDR,https://www.francetvinfo.fr/docs/desk3/candidat-tracker/2021_10_11_florian_philippot.png
Emmanuel Macron,20211123_elb,23.1281,28.8719,1,La République en marche,CENT,https://www.francetvinfo.fr/docs/desk3/candidat-tracker/2021_10_11_emmanuel_macron.png
Jean-Luc Mélenchon,20211123_elb,7.1262,10.8738,6,La France insoumise,EXGA,https://www.francetvinfo.fr/docs/desk3/candidat-tracker/2021_10_11_jean_luc-melenchon.png
Eric Zemmour,20211123_elb,10.7981,15.2019,3,Sans étiquette,EXDR,https://www.francetvinfo.fr/docs/desk3/candidat-tracker/2021_10_11_eric_zemmour.png
Marine Le Pen,20211123_elb,18.3332,23.6668,2,Rassemblement national,EXDR,https://www.francetvinfo.fr/docs/desk3/candidat-tracker/2021_10_11_marine_le_pen.png
Jean Lassalle,20211123_elb,0.3523,1.6477,18,Résistons,DIV,https://www.francetvinfo.fr/docs/desk3/candidat-tracker/2021_10_11_jean_lassalle.png
Eric Zemmour,20211123_elb,10.8108,15.1892,3,Sans étiquette,EXDR,https://www.francetvinfo.fr/docs/desk3/candidat-tracker/2021_10_11_eric_zemmour.png
Marine Le Pen,20211123_elb,17.3961,22.6039,2,Rassemblement national,EXDR,https://www.francetvinfo.fr/docs/desk3/candidat-tracker/2021_10_11_marine_le_pen.png
Emmanuel Macron,20211123_elb,22.1812,27.8188,1,La République en marche,CENT,https://www.francetvinfo.fr/docs/desk3/candidat-tracker/2021_10_11_emmanuel_macron.png
François Asselineau,20211123_elb,0.3523,1.6477,19,Union populaire républicaine,DIV,https://www.francetvinfo.fr/docs/desk3/candidat-tracker/2021_10_11_francois_asselineau.png
Nathalie Arthaud,20211123_elb,0.3523,1.6477,17,Parti communiste français,EXGA,https://www.francetvinfo.fr/docs/desk3/candidat-tracker/2021_10_11_nathalie_arthaud.png
Anne Hidalgo,20211123_elb,2.7244,5.2756,9,Parti socialiste,GAUC,https://www.francetvinfo.fr/docs/desk3/candidat-tracker/2021_10_11_anne_hidalgo.png
Florian Philippot,20211123_elb,0.3523,1.6477,16,Les Patriotes,EXDR,https://www.francetvinfo.fr/docs/desk3/candidat-tracker/2021_10_11_florian_philippot.png
Yannick Jadot,20211123_elb,6.234,9.766,8,Europe Ecologie-Les Verts,ECO,https://www.francetvinfo.fr/docs/desk3/candidat-tracker/2021_10_11_yannick_jadot.png
Michel Barnier,20211123_elb,7.137,10.863,7,Les Républicains,DROI,https://www.francetvinfo.fr/docs/desk3/candidat-tracker/2021_10_11_michel_barnier.png
Nicolas Dupont-Aignan,20211123_elb,1.8895,4.1105,12,Debout la France,EXDR,https://www.francetvinfo.fr/docs/desk3/candidat-tracker/2021_10_11_nicolas_dupont_aignan.png
Jean-Luc Mélenchon,20211123_elb,7.137,10.863,6,La France insoumise,EXGA,https://www.francetvinfo.fr/docs/desk3/candidat-tracker/2021_10_11_jean_luc-melenchon.png
Arnaud Montebourg,20211123_elb,1.0886,2.9114,13,Sans étiquette,GAUC,https://www.francetvinfo.fr/docs/desk3/candidat-tracker/2021_10_11_arnaud_montebourg.png
Philippe Poutou,20211123_elb,0.3523,1.6477,15,Nouveau parti anticapitaliste,EXGA,https://www.francetvinfo.fr/docs/desk3/candidat-tracker/2021_10_11_philippe_poutou.png
Fabien Roussel,20211123_elb,1.0886,2.9114,14,Lutte ouvrière,EXGA,https://www.francetvinfo.fr/docs/desk3/candidat-tracker/2021_10_11_fabien_roussel.png
Fabien Roussel,20211123_elb,1.0886,2.9114,14,Lutte ouvrière,EXGA,https://www.francetvinfo.fr/docs/desk3/candidat-tracker/2021_10_11_fabien_roussel.png
Florian Philippot,20211123_elb,0.3523,1.6477,16,Les Patriotes,EXDR,https://www.francetvinfo.fr/docs/desk3/candidat-tracker/2021_10_11_florian_philippot.png
Anne Hidalgo,20211123_elb,2.7244,5.2756,9,Parti socialiste,GAUC,https://www.francetvinfo.fr/docs/desk3/candidat-tracker/2021_10_11_anne_hidalgo.png
Xavier Bertrand,20211123_elb,10.8108,15.1892,4,Les Républicains,DROI,https://www.francetvinfo.fr/docs/desk3/candidat-tracker/2021_10_11_xavier_bertrand.png
Philippe Poutou,20211123_elb,0.3523,1.6477,15,Nouveau parti anticapitaliste,EXGA,https://www.francetvinfo.fr/docs/desk3/candidat-tracker/2021_10_11_philippe_poutou.png
Jean Lassalle,20211123_elb,0.3523,1.6477,18,Résistons,DIV,https://www.francetvinfo.fr/docs/desk3/candidat-tracker/2021_10_11_jean_lassalle.png
Nicolas Dupont-Aignan,20211123_elb,1.0886,2.9114,12,Debout la France,EXDR,https://www.francetvinfo.fr/docs/desk3/candidat-tracker/2021_10_11_nicolas_dupont_aignan.png
Marine Le Pen,20211123_elb,17.3961,22.6039,2,Rassemblement national,EXDR,https://www.francetvinfo.fr/docs/desk3/candidat-tracker/2021_10_11_marine_le_pen.png
François Asselineau,20211123_elb,0,0,19,Union populaire républicaine,DIV,https://www.francetvinfo.fr/docs/desk3/candidat-tracker/2021_10_11_francois_asselineau.png
Eric Zemmour,20211123_elb,9.8846,14.1154,3,Sans étiquette,EXDR,https://www.francetvinfo.fr/docs/desk3/candidat-tracker/2021_10_11_eric_zemmour.png
Emmanuel Macron,20211123_elb,22.1812,27.8188,1,La République en marche,CENT,https://www.francetvinfo.fr/docs/desk3/candidat-tracker/2021_10_11_emmanuel_macron.png
Yannick Jadot,20211123_elb,6.234,9.766,8,Europe Ecologie-Les Verts,ECO,https://www.francetvinfo.fr/docs/desk3/candidat-tracker/2021_10_11_yannick_jadot.png
Jean-Luc Mélenchon,20211123_elb,7.137,10.863,6,La France insoumise,EXGA,https://www.francetvinfo.fr/docs/desk3/candidat-tracker/2021_10_11_jean_luc-melenchon.png
Nathalie Arthaud,20211123_elb,0.3523,1.6477,17,Parti communiste français,EXGA,https://www.francetvinfo.fr/docs/desk3/candidat-tracker/2021_10_11_nathalie_arthaud.png
Arnaud Montebourg,20211123_elb,0.3523,1.6477,13,Sans étiquette,GAUC,https://www.francetvinfo.fr/docs/desk3/candidat-tracker/2021_10_11_arnaud_montebourg.png
Arnaud Montebourg,20211123_elb,1.0725,2.9275,13,Sans étiquette,GAUC,https://www.francetvinfo.fr/docs/desk3/candidat-tracker/2021_10_11_arnaud_montebourg.png
Jean-Luc Mélenchon,20211123_elb,7.1041,10.8959,6,La France insoumise,EXGA,https://www.francetvinfo.fr/docs/desk3/candidat-tracker/2021_10_11_jean_luc-melenchon.png
Philippe Poutou,20211123_elb,0.3408,1.6592,15,Nouveau parti anticapitaliste,EXGA,https://www.francetvinfo.fr/docs/desk3/candidat-tracker/2021_10_11_philippe_poutou.png
Fabien Roussel,20211123_elb,1.0725,2.9275,14,Lutte ouvrière,EXGA,https://www.francetvinfo.fr/docs/desk3/candidat-tracker/2021_10_11_fabien_roussel.png
Marine Le Pen,20211123_elb,19.2556,24.7444,2,Rassemblement national,EXDR,https://www.francetvinfo.fr/docs/desk3/candidat-tracker/2021_10_11_marine_le_pen.png
Yannick Jadot,20211123_elb,7.1041,10.8959,8,Europe Ecologie-Les Verts,ECO,https://www.francetvinfo.fr/docs/desk3/candidat-tracker/2021_10_11_yannick_jadot.png
Jean Lassalle,20211123_elb,0.3408,1.6592,18,Résistons,DIV,https://www.francetvinfo.fr/docs/desk3/candidat-tracker/2021_10_11_jean_lassalle.png
Emmanuel Macron,20211123_elb,24.0588,29.9412,1,La République en marche,CENT,https://www.francetvinfo.fr/docs/desk3/candidat-tracker/2021_10_11_emmanuel_macron.png
Florian Philippot,20211123_elb,0.3408,1.6592,16,Les Patriotes,EXDR,https://www.francetvinfo.fr/docs/desk3/candidat-tracker/2021_10_11_florian_philippot.png
François Asselineau,20211123_elb,0.3408,1.6592,19,Union populaire républicaine,DIV,https://www.francetvinfo.fr/docs/desk3/candidat-tracker/2021_10_11_francois_asselineau.png
Eric Zemmour,20211123_elb,12.6344,17.3656,3,Sans étiquette,EXDR,https://www.francetvinfo.fr/docs/desk3/candidat-tracker/2021_10_11_eric_zemmour.png
Anne Hidalgo,20211123_elb,2.7018,5.2982,9,Parti socialiste,GAUC,https://www.francetvinfo.fr/docs/desk3/candidat-tracker/2021_10_11_anne_hidalgo.png
Nicolas Dupont-Aignan,20211123_elb,1.8699,4.1301,12,Debout la France,EXDR,https://www.francetvinfo.fr/docs/desk3/candidat-tracker/2021_10_11_nicolas_dupont_aignan.png
Philippe Juvin,20211123_elb,1.8699,4.1301,11,Les Républicains,DROI,https://www.francetvinfo.fr/docs/desk3/candidat-tracker/2021_10_11_philippe_juvin.png
Nathalie Arthaud,20211123_elb,0,0,17,Parti communiste français,EXGA,https://www.francetvinfo.fr/docs/desk3/candidat-tracker/2021_10_11_nathalie_arthaud.png
Eric Zemmour,20211123_elb,10.8108,15.1892,3,Sans étiquette,EXDR,https://www.francetvinfo.fr/docs/desk3/candidat-tracker/2021_10_11_eric_zemmour.png
Valérie Pécresse,20211123_elb,7.137,10.863,5,Les Républicains,DROI,https://www.francetvinfo.fr/docs/desk3/candidat-tracker/2021_10_11_valerie_pecresse.png
Fabien Roussel,20211123_elb,1.0886,2.9114,14,Lutte ouvrière,EXGA,https://www.francetvinfo.fr/docs/desk3/candidat-tracker/2021_10_11_fabien_roussel.png
Emmanuel Macron,20211123_elb,22.1812,27.8188,1,La République en marche,CENT,https://www.francetvinfo.fr/docs/desk3/candidat-tracker/2021_10_11_emmanuel_macron.png
Anne Hidalgo,20211123_elb,2.7244,5.2756,9,Parti socialiste,GAUC,https://www.francetvinfo.fr/docs/desk3/candidat-tracker/2021_10_11_anne_hidalgo.png
Nathalie Arthaud,20211123_elb,0.3523,1.6477,17,Parti communiste français,EXGA,https://www.francetvinfo.fr/docs/desk3/candidat-tracker/2021_10_11_nathalie_arthaud.png
Nicolas Dupont-Aignan,20211123_elb,1.8895,4.1105,12,Debout la France,EXDR,https://www.francetvinfo.fr/docs/desk3/candidat-tracker/2021_10_11_nicolas_dupont_aignan.png
Florian Philippot,20211123_elb,0,0,16,Les Patriotes,EXDR,https://www.francetvinfo.fr/docs/desk3/candidat-tracker/2021_10_11_florian_philippot.png
Yannick Jadot,20211123_elb,6.234,9.766,8,Europe Ecologie-Les Verts,ECO,https://www.francetvinfo.fr/docs/desk3/candidat-tracker/2021_10_11_yannick_jadot.png
Jean-Luc Mélenchon,20211123_elb,7.137,10.863,6,La France insoumise,EXGA,https://www.francetvinfo.fr/docs/desk3/candidat-tracker/2021_10_11_jean_luc-melenchon.png
Marine Le Pen,20211123_elb,17.3961,22.6039,2,Rassemblement national,EXDR,https://www.francetvinfo.fr/docs/desk3/candidat-tracker/2021_10_11_marine_le_pen.png
Jean Lassalle,20211123_elb,0.3523,1.6477,18,Résistons,DIV,https://www.francetvinfo.fr/docs/desk3/candidat-tracker/2021_10_11_jean_lassalle.png
Arnaud Montebourg,20211123_elb,1.0886,2.9114,13,Sans étiquette,GAUC,https://www.francetvinfo.fr/docs/desk3/candidat-tracker/2021_10_11_arnaud_montebourg.png
François Asselineau,20211123_elb,0.3523,1.6477,19,Union populaire républicaine,DIV,https://www.francetvinfo.fr/docs/desk3/candidat-tracker/2021_10_11_francois_asselineau.png
Philippe Poutou,20211123_elb,1.0886,2.9114,15,Nouveau parti anticapitaliste,EXGA,https://www.francetvinfo.fr/docs/desk3/candidat-tracker/2021_10_11_philippe_poutou.png
Fabien Roussel,20211109_clu,0.9267,2.0733,14,Lutte ouvrière,EXGA,https://www.francetvinfo.fr/docs/desk3/candidat-tracker/2021_10_11_fabien_roussel.png
Xavier Bertrand,20211109_clu,9.5244,12.4756,4,Les Républicains,DROI,https://www.francetvinfo.fr/docs/desk3/candidat-tracker/2021_10_11_xavier_bertrand.png
Emmanuel Macron,20211109_clu,21.0153,24.9847,1,La République en marche,CENT,https://www.francetvinfo.fr/docs/desk3/candidat-tracker/2021_10_11_emmanuel_macron.png
Arnaud Montebourg,20211109_clu,2.1955,3.8045,13,Sans étiquette,GAUC,https://www.francetvinfo.fr/docs/desk3/candidat-tracker/2021_10_11_arnaud_montebourg.png
Nathalie Arthaud,20211109_clu,0.1674,0.8326,17,Parti communiste français,EXGA,https://www.francetvinfo.fr/docs/desk3/candidat-tracker/2021_10_11_nathalie_arthaud.png
Eric Zemmour,20211109_clu,17.1499,20.8501,3,Sans étiquette,EXDR,https://www.francetvinfo.fr/docs/desk3/candidat-tracker/2021_10_11_eric_zemmour.png
Philippe Poutou,20211109_clu,0.5308,1.4692,15,Nouveau parti anticapitaliste,EXGA,https://www.francetvinfo.fr/docs/desk3/candidat-tracker/2021_10_11_philippe_poutou.png
Anne Hidalgo,20211109_clu,3.0758,4.9242,9,Parti socialiste,GAUC,https://www.francetvinfo.fr/docs/desk3/candidat-tracker/2021_10_11_anne_hidalgo.png
Nicolas Dupont-Aignan,20211109_clu,2.1955,3.8045,12,Debout la France,EXDR,https://www.francetvinfo.fr/docs/desk3/candidat-tracker/2021_10_11_nicolas_dupont_aignan.png
Marine Le Pen,20211109_clu,12.3636,15.6364,2,Rassemblement national,EXDR,https://www.francetvinfo.fr/docs/desk3/candidat-tracker/2021_10_11_marine_le_pen.png
Jean-Luc Mélenchon,20211109_clu,9.5244,12.4756,6,La France insoumise,EXGA,https://www.francetvinfo.fr/docs/desk3/candidat-tracker/2021_10_11_jean_luc-melenchon.png
Yannick Jadot,20211109_clu,4.88,7.12,8,Europe Ecologie-Les Verts,ECO,https://www.francetvinfo.fr/docs/desk3/candidat-tracker/2021_10_11_yannick_jadot.png
Florian Philippot,20211109_clu,1.3397,2.6603,16,Les Patriotes,EXDR,https://www.francetvinfo.fr/docs/desk3/candidat-tracker/2021_10_11_florian_philippot.png
Jean Lassalle,20211109_clu,0.5308,1.4692,18,Résistons,DIV,https://www.francetvinfo.fr/docs/desk3/candidat-tracker/2021_10_11_jean_lassalle.png
Eric Zemmour,20211117_clu,15.1342,18.8658,3,Sans étiquette,EXDR,https://www.francetvinfo.fr/docs/desk3/candidat-tracker/2021_10_11_eric_zemmour.png
Fabien Roussel,20211117_clu,1.7245,3.2755,14,Lutte ouvrière,EXGA,https://www.francetvinfo.fr/docs/desk3/candidat-tracker/2021_10_11_fabien_roussel.png
Nathalie Arthaud,20211117_clu,0.1497,0.8503,17,Parti communiste français,EXGA,https://www.francetvinfo.fr/docs/desk3/candidat-tracker/2021_10_11_nathalie_arthaud.png
Eric Ciotti,20211117_clu,4.8204,7.1796,10,Les Républicains,DROI,https://www.francetvinfo.fr/docs/desk3/candidat-tracker/2021_10_11_eric_ciotti.png
Arnaud Montebourg,20211117_clu,1.3046,2.6954,13,Sans étiquette,GAUC,https://www.francetvinfo.fr/docs/desk3/candidat-tracker/2021_10_11_arnaud_montebourg.png
Marine Le Pen,20211117_clu,13.2264,16.7736,2,Rassemblement national,EXDR,https://www.francetvinfo.fr/docs/desk3/candidat-tracker/2021_10_11_marine_le_pen.png
Florian Philippot,20211117_clu,0.5058,1.4942,16,Les Patriotes,EXDR,https://www.francetvinfo.fr/docs/desk3/candidat-tracker/2021_10_11_florian_philippot.png
Philippe Poutou,20211117_clu,1.3046,2.6954,15,Nouveau parti anticapitaliste,EXGA,https://www.francetvinfo.fr/docs/desk3/candidat-tracker/2021_10_11_philippe_poutou.png
Anne Hidalgo,20211117_clu,3.9175,6.0825,9,Parti socialiste,GAUC,https://www.francetvinfo.fr/docs/desk3/candidat-tracker/2021_10_11_anne_hidalgo.png
Yannick Jadot,20211117_clu,4.8204,7.1796,8,Europe Ecologie-Les Verts,ECO,https://www.francetvinfo.fr/docs/desk3/candidat-tracker/2021_10_11_yannick_jadot.png
Jean Lassalle,20211117_clu,0.8962,2.1038,18,Résistons,DIV,https://www.francetvinfo.fr/docs/desk3/candidat-tracker/2021_10_11_jean_lassalle.png
Jean-Luc Mélenchon,20211117_clu,10.3859,13.6141,6,La France insoumise,EXGA,https://www.francetvinfo.fr/docs/desk3/candidat-tracker/2021_10_11_jean_luc-melenchon.png
Nicolas Dupont-Aignan,20211117_clu,1.7245,3.2755,12,Debout la France,EXDR,https://www.francetvinfo.fr/docs/desk3/candidat-tracker/2021_10_11_nicolas_dupont_aignan.png
Emmanuel Macron,20211117_clu,24.7948,29.2052,1,La République en marche,CENT,https://www.francetvinfo.fr/docs/desk3/candidat-tracker/2021_10_11_emmanuel_macron.png
Marine Le Pen,20211117_clu,12.2898,15.7102,2,Rassemblement national,EXDR,https://www.francetvinfo.fr/docs/desk3/candidat-tracker/2021_10_11_marine_le_pen.png
Arnaud Montebourg,20211117_clu,1.31,2.69,13,Sans étiquette,GAUC,https://www.francetvinfo.fr/docs/desk3/candidat-tracker/2021_10_11_arnaud_montebourg.png
Jean-Luc Mélenchon,20211117_clu,10.3984,13.6016,6,La France insoumise,EXGA,https://www.francetvinfo.fr/docs/desk3/candidat-tracker/2021_10_11_jean_luc-melenchon.png
Nathalie Arthaud,20211117_clu,0.1524,0.8476,17,Parti communiste français,EXGA,https://www.francetvinfo.fr/docs/desk3/candidat-tracker/2021_10_11_nathalie_arthaud.png
Emmanuel Macron,20211117_clu,21.8951,26.1049,1,La République en marche,CENT,https://www.francetvinfo.fr/docs/desk3/candidat-tracker/2021_10_11_emmanuel_macron.png
Fabien Roussel,20211117_clu,1.7305,3.2695,14,Lutte ouvrière,EXGA,https://www.francetvinfo.fr/docs/desk3/candidat-tracker/2021_10_11_fabien_roussel.png
Jean Lassalle,20211117_clu,0.5096,1.4904,18,Résistons,DIV,https://www.francetvinfo.fr/docs/desk3/candidat-tracker/2021_10_11_jean_lassalle.png
Florian Philippot,20211117_clu,1.31,2.69,16,Les Patriotes,EXDR,https://www.francetvinfo.fr/docs/desk3/candidat-tracker/2021_10_11_florian_philippot.png
Anne Hidalgo,20211117_clu,3.9258,6.0742,9,Parti socialiste,GAUC,https://www.francetvinfo.fr/docs/desk3/candidat-tracker/2021_10_11_anne_hidalgo.png
Philippe Poutou,20211117_clu,1.31,2.69,15,Nouveau parti anticapitaliste,EXGA,https://www.francetvinfo.fr/docs/desk3/candidat-tracker/2021_10_11_philippe_poutou.png
Michel Barnier,20211117_clu,6.6629,9.3371,7,Les Républicains,DROI,https://www.francetvinfo.fr/docs/desk3/candidat-tracker/2021_10_11_michel_barnier.png
Yannick Jadot,20211117_clu,5.7425,8.2575,8,Europe Ecologie-Les Verts,ECO,https://www.francetvinfo.fr/docs/desk3/candidat-tracker/2021_10_11_yannick_jadot.png
Nicolas Dupont-Aignan,20211117_clu,2.1592,3.8408,12,Debout la France,EXDR,https://www.francetvinfo.fr/docs/desk3/candidat-tracker/2021_10_11_nicolas_dupont_aignan.png
Eric Zemmour,20211117_clu,15.1486,18.8514,3,Sans étiquette,EXDR,https://www.francetvinfo.fr/docs/desk3/candidat-tracker/2021_10_11_eric_zemmour.png
Fabien Roussel,20211117_clu,1.7477,3.2523,14,Lutte ouvrière,EXGA,https://www.francetvinfo.fr/docs/desk3/candidat-tracker/2021_10_11_fabien_roussel.png
Jean Lassalle,20211117_clu,0.5205,1.4795,18,Résistons,DIV,https://www.francetvinfo.fr/docs/desk3/candidat-tracker/2021_10_11_jean_lassalle.png
Eric Zemmour,20211117_clu,15.1899,18.8101,3,Sans étiquette,EXDR,https://www.francetvinfo.fr/docs/desk3/candidat-tracker/2021_10_11_eric_zemmour.png
Jean-Luc Mélenchon,20211117_clu,10.4341,13.5659,6,La France insoumise,EXGA,https://www.francetvinfo.fr/docs/desk3/candidat-tracker/2021_10_11_jean_luc-melenchon.png
Arnaud Montebourg,20211117_clu,1.3254,2.6746,13,Sans étiquette,GAUC,https://www.francetvinfo.fr/docs/desk3/candidat-tracker/2021_10_11_arnaud_montebourg.png
Xavier Bertrand,20211117_clu,8.5544,11.4456,4,Les Républicains,DROI,https://www.francetvinfo.fr/docs/desk3/candidat-tracker/2021_10_11_xavier_bertrand.png
Florian Philippot,20211117_clu,0.5205,1.4795,16,Les Patriotes,EXDR,https://www.francetvinfo.fr/docs/desk3/candidat-tracker/2021_10_11_florian_philippot.png
Philippe Poutou,20211117_clu,1.3254,2.6746,15,Nouveau parti anticapitaliste,EXGA,https://www.francetvinfo.fr/docs/desk3/candidat-tracker/2021_10_11_philippe_poutou.png
Marine Le Pen,20211117_clu,12.328,15.672,2,Rassemblement national,EXDR,https://www.francetvinfo.fr/docs/desk3/candidat-tracker/2021_10_11_marine_le_pen.png
Nathalie Arthaud,20211117_clu,0.1601,0.8399,17,Parti communiste français,EXGA,https://www.francetvinfo.fr/docs/desk3/candidat-tracker/2021_10_11_nathalie_arthaud.png
Anne Hidalgo,20211117_clu,3.9498,6.0502,9,Parti socialiste,GAUC,https://www.francetvinfo.fr/docs/desk3/candidat-tracker/2021_10_11_anne_hidalgo.png
Nicolas Dupont-Aignan,20211117_clu,1.3254,2.6746,12,Debout la France,EXDR,https://www.francetvinfo.fr/docs/desk3/candidat-tracker/2021_10_11_nicolas_dupont_aignan.png
Yannick Jadot,20211117_clu,5.7705,8.2295,8,Europe Ecologie-Les Verts,ECO,https://www.francetvinfo.fr/docs/desk3/candidat-tracker/2021_10_11_yannick_jadot.png
Emmanuel Macron,20211117_clu,21.942,26.058,1,La République en marche,CENT,https://www.francetvinfo.fr/docs/desk3/candidat-tracker/2021_10_11_emmanuel_macron.png
Nicolas Dupont-Aignan,20211117_clu,2.5799,4.4201,12,Debout la France,EXDR,https://www.francetvinfo.fr/docs/desk3/candidat-tracker/2021_10_11_nicolas_dupont_aignan.png
Florian Philippot,20211117_clu,0.5019,1.4981,16,Les Patriotes,EXDR,https://www.francetvinfo.fr/docs/desk3/candidat-tracker/2021_10_11_florian_philippot.png
Philippe Juvin,20211117_clu,2.146,3.854,11,Les Républicains,DROI,https://www.francetvinfo.fr/docs/desk3/candidat-tracker/2021_10_11_philippe_juvin.png
Emmanuel Macron,20211117_clu,24.7774,29.2226,1,La République en marche,CENT,https://www.francetvinfo.fr/docs/desk3/candidat-tracker/2021_10_11_emmanuel_macron.png
Jean-Luc Mélenchon,20211117_clu,10.3732,13.6268,6,La France insoumise,EXGA,https://www.francetvinfo.fr/docs/desk3/candidat-tracker/2021_10_11_jean_luc-melenchon.png
Jean Lassalle,20211117_clu,0.5019,1.4981,18,Résistons,DIV,https://www.francetvinfo.fr/docs/desk3/candidat-tracker/2021_10_11_jean_lassalle.png
Fabien Roussel,20211117_clu,2.146,3.854,14,Lutte ouvrière,EXGA,https://www.francetvinfo.fr/docs/desk3/candidat-tracker/2021_10_11_fabien_roussel.png
Yannick Jadot,20211117_clu,5.7227,8.2773,8,Europe Ecologie-Les Verts,ECO,https://www.francetvinfo.fr/docs/desk3/candidat-tracker/2021_10_11_yannick_jadot.png
Philippe Poutou,20211117_clu,1.2991,2.7009,15,Nouveau parti anticapitaliste,EXGA,https://www.francetvinfo.fr/docs/desk3/candidat-tracker/2021_10_11_philippe_poutou.png
Arnaud Montebourg,20211117_clu,1.7184,3.2816,13,Sans étiquette,GAUC,https://www.francetvinfo.fr/docs/desk3/candidat-tracker/2021_10_11_arnaud_montebourg.png
Anne Hidalgo,20211117_clu,3.9089,6.0911,9,Parti socialiste,GAUC,https://www.francetvinfo.fr/docs/desk3/candidat-tracker/2021_10_11_anne_hidalgo.png
Eric Zemmour,20211117_clu,15.1195,18.8805,3,Sans étiquette,EXDR,https://www.francetvinfo.fr/docs/desk3/candidat-tracker/2021_10_11_eric_zemmour.png
Marine Le Pen,20211117_clu,13.2124,16.7876,2,Rassemblement national,EXDR,https://www.francetvinfo.fr/docs/desk3/candidat-tracker/2021_10_11_marine_le_pen.png
Nathalie Arthaud,20211117_clu,0.5019,1.4981,17,Parti communiste français,EXGA,https://www.francetvinfo.fr/docs/desk3/candidat-tracker/2021_10_11_nathalie_arthaud.png
Anne Hidalgo,20211117_clu,3.0487,4.9513,9,Parti socialiste,GAUC,https://www.francetvinfo.fr/docs/desk3/candidat-tracker/2021_10_11_anne_hidalgo.png
Nicolas Dupont-Aignan,20211117_clu,2.1719,3.8281,12,Debout la France,EXDR,https://www.francetvinfo.fr/docs/desk3/candidat-tracker/2021_10_11_nicolas_dupont_aignan.png
Eric Zemmour,20211117_clu,14.2203,17.7797,3,Sans étiquette,EXDR,https://www.francetvinfo.fr/docs/desk3/candidat-tracker/2021_10_11_eric_zemmour.png
Jean Lassalle,20211117_clu,0.517,1.483,18,Résistons,DIV,https://www.francetvinfo.fr/docs/desk3/candidat-tracker/2021_10_11_jean_lassalle.png
Arnaud Montebourg,20211117_clu,1.3204,2.6796,13,Sans étiquette,GAUC,https://www.francetvinfo.fr/docs/desk3/candidat-tracker/2021_10_11_arnaud_montebourg.png
Philippe Poutou,20211117_clu,1.3204,2.6796,15,Nouveau parti anticapitaliste,EXGA,https://www.francetvinfo.fr/docs/desk3/candidat-tracker/2021_10_11_philippe_poutou.png
Nathalie Arthaud,20211117_clu,0.1576,0.8424,17,Parti communiste français,EXGA,https://www.francetvinfo.fr/docs/desk3/candidat-tracker/2021_10_11_nathalie_arthaud.png
Emmanuel Macron,20211117_clu,21.9267,26.0733,1,La République en marche,CENT,https://www.francetvinfo.fr/docs/desk3/candidat-tracker/2021_10_11_emmanuel_macron.png
Yannick Jadot,20211117_clu,6.683,9.317,8,Europe Ecologie-Les Verts,ECO,https://www.francetvinfo.fr/docs/desk3/candidat-tracker/2021_10_11_yannick_jadot.png
Florian Philippot,20211117_clu,0.517,1.483,16,Les Patriotes,EXDR,https://www.francetvinfo.fr/docs/desk3/candidat-tracker/2021_10_11_florian_philippot.png
Marine Le Pen,20211117_clu,13.2666,16.7334,2,Rassemblement national,EXDR,https://www.francetvinfo.fr/docs/desk3/candidat-tracker/2021_10_11_marine_le_pen.png
Fabien Roussel,20211117_clu,1.7421,3.2579,14,Lutte ouvrière,EXGA,https://www.francetvinfo.fr/docs/desk3/candidat-tracker/2021_10_11_fabien_roussel.png
Jean-Luc Mélenchon,20211117_clu,10.4225,13.5775,6,La France insoumise,EXGA,https://www.francetvinfo.fr/docs/desk3/candidat-tracker/2021_10_11_jean_luc-melenchon.png
Valérie Pécresse,20211117_clu,7.6107,10.3893,5,Les Républicains,DROI,https://www.francetvinfo.fr/docs/desk3/candidat-tracker/2021_10_11_valerie_pecresse.png
Emmanuel Macron,20211103_ifp,25.1678,30.8322,1,La République en marche,CENT,https://www.francetvinfo.fr/docs/desk3/candidat-tracker/2021_10_11_emmanuel_macron.png
Arnaud Montebourg,20211103_ifp,2.3408,4.6592,13,Sans étiquette,GAUC,https://www.francetvinfo.fr/docs/desk3/candidat-tracker/2021_10_11_arnaud_montebourg.png
Jean-Luc Mélenchon,20211103_ifp,7.1948,10.8052,6,La France insoumise,EXGA,https://www.francetvinfo.fr/docs/desk3/candidat-tracker/2021_10_11_jean_luc-melenchon.png
Jean Lassalle,20211103_ifp,0.3724,1.6276,18,Résistons,DIV,https://www.francetvinfo.fr/docs/desk3/candidat-tracker/2021_10_11_jean_lassalle.png
Nicolas Dupont-Aignan,20211103_ifp,2.7639,5.2361,12,Debout la France,EXDR,https://www.francetvinfo.fr/docs/desk3/candidat-tracker/2021_10_11_nicolas_dupont_aignan.png
Anne Hidalgo,20211103_ifp,4.502,7.498,9,Parti socialiste,GAUC,https://www.francetvinfo.fr/docs/desk3/candidat-tracker/2021_10_11_anne_hidalgo.png
Philippe Poutou,20211103_ifp,0.3724,1.6276,15,Nouveau parti anticapitaliste,EXGA,https://www.francetvinfo.fr/docs/desk3/candidat-tracker/2021_10_11_philippe_poutou.png
Marine Le Pen,20211103_ifp,15.5767,20.4233,2,Rassemblement national,EXDR,https://www.francetvinfo.fr/docs/desk3/candidat-tracker/2021_10_11_marine_le_pen.png
Nathalie Arthaud,20211103_ifp,0.0551,0.9449,17,Parti communiste français,EXGA,https://www.francetvinfo.fr/docs/desk3/candidat-tracker/2021_10_11_nathalie_arthaud.png
Philippe Juvin,20211103_ifp,1.1169,2.8831,11,Les Républicains,DROI,https://www.francetvinfo.fr/docs/desk3/candidat-tracker/2021_10_11_philippe_juvin.png
Fabien Roussel,20211103_ifp,1.1169,2.8831,14,Lutte ouvrière,EXGA,https://www.francetvinfo.fr/docs/desk3/candidat-tracker/2021_10_11_fabien_roussel.png
Eric Zemmour,20211103_ifp,15.5767,20.4233,3,Sans étiquette,EXDR,https://www.francetvinfo.fr/docs/desk3/candidat-tracker/2021_10_11_eric_zemmour.png
Yannick Jadot,20211103_ifp,5.3906,8.6094,8,Europe Ecologie-Les Verts,ECO,https://www.francetvinfo.fr/docs/desk3/candidat-tracker/2021_10_11_yannick_jadot.png
Marine Le Pen,20211103_ifp,13.7178,18.2822,2,Rassemblement national,EXDR,https://www.francetvinfo.fr/docs/desk3/candidat-tracker/2021_10_11_marine_le_pen.png
Jean Lassalle,20211103_ifp,0.0609,0.9391,18,Résistons,DIV,https://www.francetvinfo.fr/docs/desk3/candidat-tracker/2021_10_11_jean_lassalle.png
Fabien Roussel,20211103_ifp,1.1285,2.8715,14,Lutte ouvrière,EXGA,https://www.francetvinfo.fr/docs/desk3/candidat-tracker/2021_10_11_fabien_roussel.png
Yannick Jadot,20211103_ifp,5.4117,8.5883,8,Europe Ecologie-Les Verts,ECO,https://www.francetvinfo.fr/docs/desk3/candidat-tracker/2021_10_11_yannick_jadot.png
Anne Hidalgo,20211103_ifp,3.6433,6.3567,9,Parti socialiste,GAUC,https://www.francetvinfo.fr/docs/desk3/candidat-tracker/2021_10_11_anne_hidalgo.png
Emmanuel Macron,20211103_ifp,22.3045,27.6955,1,La République en marche,CENT,https://www.francetvinfo.fr/docs/desk3/candidat-tracker/2021_10_11_emmanuel_macron.png
Nicolas Dupont-Aignan,20211103_ifp,1.5281,3.4719,12,Debout la France,EXDR,https://www.francetvinfo.fr/docs/desk3/candidat-tracker/2021_10_11_nicolas_dupont_aignan.png
Nathalie Arthaud,20211103_ifp,0.0609,0.9391,17,Parti communiste français,EXGA,https://www.francetvinfo.fr/docs/desk3/candidat-tracker/2021_10_11_nathalie_arthaud.png
Xavier Bertrand,20211103_ifp,10.9065,15.0935,4,Les Républicains,DROI,https://www.francetvinfo.fr/docs/desk3/candidat-tracker/2021_10_11_xavier_bertrand.png
Arnaud Montebourg,20211103_ifp,1.5281,3.4719,13,Sans étiquette,GAUC,https://www.francetvinfo.fr/docs/desk3/candidat-tracker/2021_10_11_arnaud_montebourg.png
Eric Zemmour,20211103_ifp,14.6617,19.3383,3,Sans étiquette,EXDR,https://www.francetvinfo.fr/docs/desk3/candidat-tracker/2021_10_11_eric_zemmour.png
Jean-Luc Mélenchon,20211103_ifp,6.7639,10.2361,6,La France insoumise,EXGA,https://www.francetvinfo.fr/docs/desk3/candidat-tracker/2021_10_11_jean_luc-melenchon.png
Philippe Poutou,20211103_ifp,0.0609,0.9391,15,Nouveau parti anticapitaliste,EXGA,https://www.francetvinfo.fr/docs/desk3/candidat-tracker/2021_10_11_philippe_poutou.png
Yannick Jadot,20211103_ifp,5.4073,8.5927,8,Europe Ecologie-Les Verts,ECO,https://www.francetvinfo.fr/docs/desk3/candidat-tracker/2021_10_11_yannick_jadot.png
Jean-Luc Mélenchon,20211103_ifp,6.3065,9.6935,6,La France insoumise,EXGA,https://www.francetvinfo.fr/docs/desk3/candidat-tracker/2021_10_11_jean_luc-melenchon.png
Marine Le Pen,20211103_ifp,14.6552,19.3448,2,Rassemblement national,EXDR,https://www.francetvinfo.fr/docs/desk3/candidat-tracker/2021_10_11_marine_le_pen.png
Philippe Poutou,20211103_ifp,0.3789,1.6211,15,Nouveau parti anticapitaliste,EXGA,https://www.francetvinfo.fr/docs/desk3/candidat-tracker/2021_10_11_philippe_poutou.png
Fabien Roussel,20211103_ifp,1.5254,3.4746,14,Lutte ouvrière,EXGA,https://www.francetvinfo.fr/docs/desk3/candidat-tracker/2021_10_11_fabien_roussel.png
Jean Lassalle,20211103_ifp,0.0597,0.9403,18,Résistons,DIV,https://www.francetvinfo.fr/docs/desk3/candidat-tracker/2021_10_11_jean_lassalle.png
Arnaud Montebourg,20211103_ifp,1.9352,4.0648,13,Sans étiquette,GAUC,https://www.francetvinfo.fr/docs/desk3/candidat-tracker/2021_10_11_arnaud_montebourg.png
Eric Zemmour,20211103_ifp,14.183,18.817,3,Sans étiquette,EXDR,https://www.francetvinfo.fr/docs/desk3/candidat-tracker/2021_10_11_eric_zemmour.png
Nathalie Arthaud,20211103_ifp,0.0597,0.9403,17,Parti communiste français,EXGA,https://www.francetvinfo.fr/docs/desk3/candidat-tracker/2021_10_11_nathalie_arthaud.png
Emmanuel Macron,20211103_ifp,22.297,27.703,1,La République en marche,CENT,https://www.francetvinfo.fr/docs/desk3/candidat-tracker/2021_10_11_emmanuel_macron.png
Anne Hidalgo,20211103_ifp,4.5176,7.4824,9,Parti socialiste,GAUC,https://www.francetvinfo.fr/docs/desk3/candidat-tracker/2021_10_11_anne_hidalgo.png
Michel Barnier,20211103_ifp,8.1273,11.8727,7,Les Républicains,DROI,https://www.francetvinfo.fr/docs/desk3/candidat-tracker/2021_10_11_michel_barnier.png
Nicolas Dupont-Aignan,20211103_ifp,1.9352,4.0648,12,Debout la France,EXDR,https://www.francetvinfo.fr/docs/desk3/candidat-tracker/2021_10_11_nicolas_dupont_aignan.png
Anne Hidalgo,20211103_ifp,4.5114,7.4886,9,Parti socialiste,GAUC,https://www.francetvinfo.fr/docs/desk3/candidat-tracker/2021_10_11_anne_hidalgo.png
Nicolas Dupont-Aignan,20211103_ifp,2.348,4.652,12,Debout la France,EXDR,https://www.francetvinfo.fr/docs/desk3/candidat-tracker/2021_10_11_nicolas_dupont_aignan.png
Arnaud Montebourg,20211103_ifp,1.9307,4.0693,13,Sans étiquette,GAUC,https://www.francetvinfo.fr/docs/desk3/candidat-tracker/2021_10_11_arnaud_montebourg.png
Jean-Luc Mélenchon,20211103_ifp,6.2995,9.7005,6,La France insoumise,EXGA,https://www.francetvinfo.fr/docs/desk3/candidat-tracker/2021_10_11_jean_luc-melenchon.png
Marine Le Pen,20211103_ifp,14.173400000000001,18.8266,2,Rassemblement national,EXDR,https://www.francetvinfo.fr/docs/desk3/candidat-tracker/2021_10_11_marine_le_pen.png
Jean Lassalle,20211103_ifp,0.3763,1.6237,18,Résistons,DIV,https://www.francetvinfo.fr/docs/desk3/candidat-tracker/2021_10_11_jean_lassalle.png
Philippe Poutou,20211103_ifp,0.3763,1.6237,15,Nouveau parti anticapitaliste,EXGA,https://www.francetvinfo.fr/docs/desk3/candidat-tracker/2021_10_11_philippe_poutou.png
Valérie Pécresse,20211103_ifp,7.2062,10.7938,5,Les Républicains,DROI,https://www.francetvinfo.fr/docs/desk3/candidat-tracker/2021_10_11_valerie_pecresse.png
Nathalie Arthaud,20211103_ifp,0.0579,0.9421,17,Parti communiste français,EXGA,https://www.francetvinfo.fr/docs/desk3/candidat-tracker/2021_10_11_nathalie_arthaud.png
Emmanuel Macron,20211103_ifp,23.2506,28.7494,1,La République en marche,CENT,https://www.francetvinfo.fr/docs/desk3/candidat-tracker/2021_10_11_emmanuel_macron.png
Eric Zemmour,20211103_ifp,14.173400000000001,18.8266,3,Sans étiquette,EXDR,https://www.francetvinfo.fr/docs/desk3/candidat-tracker/2021_10_11_eric_zemmour.png
Fabien Roussel,20211103_ifp,1.1225,2.8775,14,Lutte ouvrière,EXGA,https://www.francetvinfo.fr/docs/desk3/candidat-tracker/2021_10_11_fabien_roussel.png
Yannick Jadot,20211103_ifp,5.4007,8.5993,8,Europe Ecologie-Les Verts,ECO,https://www.francetvinfo.fr/docs/desk3/candidat-tracker/2021_10_11_yannick_jadot.png
Jean Lassalle,20211103_ifp,0.3697,1.6303,18,Résistons,DIV,https://www.francetvinfo.fr/docs/desk3/candidat-tracker/2021_10_11_jean_lassalle.png
Emmanuel Macron,20211103_ifp,26.1256,31.8744,1,La République en marche,CENT,https://www.francetvinfo.fr/docs/desk3/candidat-tracker/2021_10_11_emmanuel_macron.png
Eric Zemmour,20211103_ifp,15.5664,20.4336,3,Sans étiquette,EXDR,https://www.francetvinfo.fr/docs/desk3/candidat-tracker/2021_10_11_eric_zemmour.png
Eric Ciotti,20211103_ifp,1.9194,4.0806,10,Les Républicains,DROI,https://www.francetvinfo.fr/docs/desk3/candidat-tracker/2021_10_11_eric_ciotti.png
Philippe Poutou,20211103_ifp,0.3697,1.6303,15,Nouveau parti anticapitaliste,EXGA,https://www.francetvinfo.fr/docs/desk3/candidat-tracker/2021_10_11_philippe_poutou.png
Jean-Luc Mélenchon,20211103_ifp,6.7334,10.2666,6,La France insoumise,EXGA,https://www.francetvinfo.fr/docs/desk3/candidat-tracker/2021_10_11_jean_luc-melenchon.png
Marine Le Pen,20211103_ifp,14.6206,19.3794,2,Rassemblement national,EXDR,https://www.francetvinfo.fr/docs/desk3/candidat-tracker/2021_10_11_marine_le_pen.png
Arnaud Montebourg,20211103_ifp,2.3358,4.6642,13,Sans étiquette,GAUC,https://www.francetvinfo.fr/docs/desk3/candidat-tracker/2021_10_11_arnaud_montebourg.png
Nicolas Dupont-Aignan,20211103_ifp,1.9194,4.0806,12,Debout la France,EXDR,https://www.francetvinfo.fr/docs/desk3/candidat-tracker/2021_10_11_nicolas_dupont_aignan.png
Nathalie Arthaud,20211103_ifp,0.0532,0.9468,17,Parti communiste français,EXGA,https://www.francetvinfo.fr/docs/desk3/candidat-tracker/2021_10_11_nathalie_arthaud.png
Yannick Jadot,20211103_ifp,5.3838,8.6162,8,Europe Ecologie-Les Verts,ECO,https://www.francetvinfo.fr/docs/desk3/candidat-tracker/2021_10_11_yannick_jadot.png
Fabien Roussel,20211103_ifp,1.1132,2.8868,14,Lutte ouvrière,EXGA,https://www.francetvinfo.fr/docs/desk3/candidat-tracker/2021_10_11_fabien_roussel.png
Anne Hidalgo,20211103_ifp,4.9384,8.0616,9,Parti socialiste,GAUC,https://www.francetvinfo.fr/docs/desk3/candidat-tracker/2021_10_11_anne_hidalgo.png
Florian Philippot,20211119_hi,1.3574,2.6426,16,Les Patriotes,EXDR,https://www.francetvinfo.fr/docs/desk3/candidat-tracker/2021_10_11_florian_philippot.png
Valérie Pécresse,20211119_hi,9.5637,12.4363,5,Les Républicains,DROI,https://www.francetvinfo.fr/docs/desk3/candidat-tracker/2021_10_11_valerie_pecresse.png
Fabien Roussel,20211119_hi,1.3574,2.6426,14,Lutte ouvrière,EXGA,https://www.francetvinfo.fr/docs/desk3/candidat-tracker/2021_10_11_fabien_roussel.png
Philippe Poutou,20211119_hi,0.5433,1.4567,15,Nouveau parti anticapitaliste,EXGA,https://www.francetvinfo.fr/docs/desk3/candidat-tracker/2021_10_11_philippe_poutou.png
Eric Zemmour,20211119_hi,14.3172,17.6828,3,Sans étiquette,EXDR,https://www.francetvinfo.fr/docs/desk3/candidat-tracker/2021_10_11_eric_zemmour.png
Arnaud Montebourg,20211119_hi,0.5433,1.4567,13,Sans étiquette,GAUC,https://www.francetvinfo.fr/docs/desk3/candidat-tracker/2021_10_11_arnaud_montebourg.png
François Asselineau,20211119_hi,0,0,19,Union populaire républicaine,DIV,https://www.francetvinfo.fr/docs/desk3/candidat-tracker/2021_10_11_francois_asselineau.png
Nicolas Dupont-Aignan,20211119_hi,1.3574,2.6426,12,Debout la France,EXDR,https://www.francetvinfo.fr/docs/desk3/candidat-tracker/2021_10_11_nicolas_dupont_aignan.png
Emmanuel Macron,20211119_hi,22.0396,25.9604,1,La République en marche,CENT,https://www.francetvinfo.fr/docs/desk3/candidat-tracker/2021_10_11_emmanuel_macron.png
Jean-Luc Mélenchon,20211119_hi,8.6229,11.3771,6,La France insoumise,EXGA,https://www.francetvinfo.fr/docs/desk3/candidat-tracker/2021_10_11_jean_luc-melenchon.png
Marine Le Pen,20211119_hi,14.3172,17.6828,2,Rassemblement national,EXDR,https://www.francetvinfo.fr/docs/desk3/candidat-tracker/2021_10_11_marine_le_pen.png
Jean Lassalle,20211119_hi,0,0,18,Résistons,DIV,https://www.francetvinfo.fr/docs/desk3/candidat-tracker/2021_10_11_jean_lassalle.png
Yannick Jadot,20211119_hi,7.6863,10.3137,8,Europe Ecologie-Les Verts,ECO,https://www.francetvinfo.fr/docs/desk3/candidat-tracker/2021_10_11_yannick_jadot.png
Nathalie Arthaud,20211119_hi,0.5433,1.4567,17,Parti communiste français,EXGA,https://www.francetvinfo.fr/docs/desk3/candidat-tracker/2021_10_11_nathalie_arthaud.png
Anne Hidalgo,20211119_hi,3.9996,6.0004,9,Parti socialiste,GAUC,https://www.francetvinfo.fr/docs/desk3/candidat-tracker/2021_10_11_anne_hidalgo.png
Emmanuel Macron,20211119_hi,27.8716,32.1284,1,La République en marche,CENT,https://www.francetvinfo.fr/docs/desk3/candidat-tracker/2021_10_11_emmanuel_macron.png
Arnaud Montebourg,20211119_hi,0.5379,1.4621,13,Sans étiquette,GAUC,https://www.francetvinfo.fr/docs/desk3/candidat-tracker/2021_10_11_arnaud_montebourg.png
François Asselineau,20211119_hi,0,0,19,Union populaire républicaine,DIV,https://www.francetvinfo.fr/docs/desk3/candidat-tracker/2021_10_11_francois_asselineau.png
Yannick Jadot,20211119_hi,7.6708,10.3292,8,Europe Ecologie-Les Verts,ECO,https://www.francetvinfo.fr/docs/desk3/candidat-tracker/2021_10_11_yannick_jadot.png
Eric Zemmour,20211119_hi,15.2553,18.7447,3,Sans étiquette,EXDR,https://www.francetvinfo.fr/docs/desk3/candidat-tracker/2021_10_11_eric_zemmour.png
Anne Hidalgo,20211119_hi,3.9877,6.0123,9,Parti socialiste,GAUC,https://www.francetvinfo.fr/docs/desk3/candidat-tracker/2021_10_11_anne_hidalgo.png
Jean-Luc Mélenchon,20211119_hi,8.6066,11.3934,6,La France insoumise,EXGA,https://www.francetvinfo.fr/docs/desk3/candidat-tracker/2021_10_11_jean_luc-melenchon.png
Philippe Juvin,20211119_hi,3.0898,4.9102,11,Les Républicains,DROI,https://www.francetvinfo.fr/docs/desk3/candidat-tracker/2021_10_11_philippe_juvin.png
Marine Le Pen,20211119_hi,15.2553,18.7447,2,Rassemblement national,EXDR,https://www.francetvinfo.fr/docs/desk3/candidat-tracker/2021_10_11_marine_le_pen.png
Florian Philippot,20211119_hi,0.5379,1.4621,16,Les Patriotes,EXDR,https://www.francetvinfo.fr/docs/desk3/candidat-tracker/2021_10_11_florian_philippot.png
Jean Lassalle,20211119_hi,0,0,18,Résistons,DIV,https://www.francetvinfo.fr/docs/desk3/candidat-tracker/2021_10_11_jean_lassalle.png
Philippe Poutou,20211119_hi,0.5379,1.4621,15,Nouveau parti anticapitaliste,EXGA,https://www.francetvinfo.fr/docs/desk3/candidat-tracker/2021_10_11_philippe_poutou.png
Nathalie Arthaud,20211119_hi,0.5379,1.4621,17,Parti communiste français,EXGA,https://www.francetvinfo.fr/docs/desk3/candidat-tracker/2021_10_11_nathalie_arthaud.png
Nicolas Dupont-Aignan,20211119_hi,1.3498000000000001,2.6502,12,Debout la France,EXDR,https://www.francetvinfo.fr/docs/desk3/candidat-tracker/2021_10_11_nicolas_dupont_aignan.png
Fabien Roussel,20211119_hi,1.3498000000000001,2.6502,14,Lutte ouvrière,EXGA,https://www.francetvinfo.fr/docs/desk3/candidat-tracker/2021_10_11_fabien_roussel.png
Marine Le Pen,20211119_hi,15.2553,18.7447,2,Rassemblement national,EXDR,https://www.francetvinfo.fr/docs/desk3/candidat-tracker/2021_10_11_marine_le_pen.png
Nathalie Arthaud,20211119_hi,0.5379,1.4621,17,Parti communiste français,EXGA,https://www.francetvinfo.fr/docs/desk3/candidat-tracker/2021_10_11_nathalie_arthaud.png
Florian Philippot,20211119_hi,0.5379,1.4621,16,Les Patriotes,EXDR,https://www.francetvinfo.fr/docs/desk3/candidat-tracker/2021_10_11_florian_philippot.png
Eric Zemmour,20211119_hi,15.2553,18.7447,3,Sans étiquette,EXDR,https://www.francetvinfo.fr/docs/desk3/candidat-tracker/2021_10_11_eric_zemmour.png
Arnaud Montebourg,20211119_hi,0.5379,1.4621,13,Sans étiquette,GAUC,https://www.francetvinfo.fr/docs/desk3/candidat-tracker/2021_10_11_arnaud_montebourg.png
Jean Lassalle,20211119_hi,0,0,18,Résistons,DIV,https://www.francetvinfo.fr/docs/desk3/candidat-tracker/2021_10_11_jean_lassalle.png
Jean-Luc Mélenchon,20211119_hi,8.6066,11.3934,6,La France insoumise,EXGA,https://www.francetvinfo.fr/docs/desk3/candidat-tracker/2021_10_11_jean_luc-melenchon.png
Anne Hidalgo,20211119_hi,3.9877,6.0123,9,Parti socialiste,GAUC,https://www.francetvinfo.fr/docs/desk3/candidat-tracker/2021_10_11_anne_hidalgo.png
Yannick Jadot,20211119_hi,7.6708,10.3292,8,Europe Ecologie-Les Verts,ECO,https://www.francetvinfo.fr/docs/desk3/candidat-tracker/2021_10_11_yannick_jadot.png
Philippe Poutou,20211119_hi,0.5379,1.4621,15,Nouveau parti anticapitaliste,EXGA,https://www.francetvinfo.fr/docs/desk3/candidat-tracker/2021_10_11_philippe_poutou.png
Emmanuel Macron,20211119_hi,26.8925,31.1075,1,La République en marche,CENT,https://www.francetvinfo.fr/docs/desk3/candidat-tracker/2021_10_11_emmanuel_macron.png
Nicolas Dupont-Aignan,20211119_hi,1.3498000000000001,2.6502,12,Debout la France,EXDR,https://www.francetvinfo.fr/docs/desk3/candidat-tracker/2021_10_11_nicolas_dupont_aignan.png
François Asselineau,20211119_hi,0,0,19,Union populaire républicaine,DIV,https://www.francetvinfo.fr/docs/desk3/candidat-tracker/2021_10_11_francois_asselineau.png
Fabien Roussel,20211119_hi,1.3498000000000001,2.6502,14,Lutte ouvrière,EXGA,https://www.francetvinfo.fr/docs/desk3/candidat-tracker/2021_10_11_fabien_roussel.png
Eric Ciotti,20211119_hi,3.9877,6.0123,10,Les Républicains,DROI,https://www.francetvinfo.fr/docs/desk3/candidat-tracker/2021_10_11_eric_ciotti.png
Jean Lassalle,20211119_hi,0,0,18,Résistons,DIV,https://www.francetvinfo.fr/docs/desk3/candidat-tracker/2021_10_11_jean_lassalle.png
Marine Le Pen,20211119_hi,14.3364,17.6636,2,Rassemblement national,EXDR,https://www.francetvinfo.fr/docs/desk3/candidat-tracker/2021_10_11_marine_le_pen.png
Jean-Luc Mélenchon,20211119_hi,8.6387,11.3613,6,La France insoumise,EXGA,https://www.francetvinfo.fr/docs/desk3/candidat-tracker/2021_10_11_jean_luc-melenchon.png
Philippe Poutou,20211119_hi,0.5485,1.4515,15,Nouveau parti anticapitaliste,EXGA,https://www.francetvinfo.fr/docs/desk3/candidat-tracker/2021_10_11_philippe_poutou.png
Arnaud Montebourg,20211119_hi,0.5485,1.4515,13,Sans étiquette,GAUC,https://www.francetvinfo.fr/docs/desk3/candidat-tracker/2021_10_11_arnaud_montebourg.png
Eric Zemmour,20211119_hi,14.3364,17.6636,3,Sans étiquette,EXDR,https://www.francetvinfo.fr/docs/desk3/candidat-tracker/2021_10_11_eric_zemmour.png
Florian Philippot,20211119_hi,0.5485,1.4515,16,Les Patriotes,EXDR,https://www.francetvinfo.fr/docs/desk3/candidat-tracker/2021_10_11_florian_philippot.png
Yannick Jadot,20211119_hi,6.7689,9.2311,8,Europe Ecologie-Les Verts,ECO,https://www.francetvinfo.fr/docs/desk3/candidat-tracker/2021_10_11_yannick_jadot.png
Xavier Bertrand,20211119_hi,12.4254,15.5746,4,Les Républicains,DROI,https://www.francetvinfo.fr/docs/desk3/candidat-tracker/2021_10_11_xavier_bertrand.png
Nicolas Dupont-Aignan,20211119_hi,1.3647,2.6353,12,Debout la France,EXDR,https://www.francetvinfo.fr/docs/desk3/candidat-tracker/2021_10_11_nicolas_dupont_aignan.png
Fabien Roussel,20211119_hi,1.3647,2.6353,14,Lutte ouvrière,EXGA,https://www.francetvinfo.fr/docs/desk3/candidat-tracker/2021_10_11_fabien_roussel.png
Nathalie Arthaud,20211119_hi,0.5485,1.4515,17,Parti communiste français,EXGA,https://www.francetvinfo.fr/docs/desk3/candidat-tracker/2021_10_11_nathalie_arthaud.png
Emmanuel Macron,20211119_hi,21.0903,24.9097,1,La République en marche,CENT,https://www.francetvinfo.fr/docs/desk3/candidat-tracker/2021_10_11_emmanuel_macron.png
François Asselineau,20211119_hi,0,0,19,Union populaire républicaine,DIV,https://www.francetvinfo.fr/docs/desk3/candidat-tracker/2021_10_11_francois_asselineau.png
Anne Hidalgo,20211119_hi,4.011,5.989,9,Parti socialiste,GAUC,https://www.francetvinfo.fr/docs/desk3/candidat-tracker/2021_10_11_anne_hidalgo.png
Arnaud Montebourg,20211119_hi,0.5459,1.4541,13,Sans étiquette,GAUC,https://www.francetvinfo.fr/docs/desk3/candidat-tracker/2021_10_11_arnaud_montebourg.png
Nicolas Dupont-Aignan,20211119_hi,1.3611,2.6389,12,Debout la France,EXDR,https://www.francetvinfo.fr/docs/desk3/candidat-tracker/2021_10_11_nicolas_dupont_aignan.png
Fabien Roussel,20211119_hi,1.3611,2.6389,14,Lutte ouvrière,EXGA,https://www.francetvinfo.fr/docs/desk3/candidat-tracker/2021_10_11_fabien_roussel.png
Marine Le Pen,20211119_hi,14.3269,17.6731,2,Rassemblement national,EXDR,https://www.francetvinfo.fr/docs/desk3/candidat-tracker/2021_10_11_marine_le_pen.png
Michel Barnier,20211119_hi,8.6309,11.3691,7,Les Républicains,DROI,https://www.francetvinfo.fr/docs/desk3/candidat-tracker/2021_10_11_michel_barnier.png
Nathalie Arthaud,20211119_hi,0.5459,1.4541,17,Parti communiste français,EXGA,https://www.francetvinfo.fr/docs/desk3/candidat-tracker/2021_10_11_nathalie_arthaud.png
Emmanuel Macron,20211119_hi,22.0509,25.9491,1,La République en marche,CENT,https://www.francetvinfo.fr/docs/desk3/candidat-tracker/2021_10_11_emmanuel_macron.png
Eric Zemmour,20211119_hi,15.2857,18.7143,3,Sans étiquette,EXDR,https://www.francetvinfo.fr/docs/desk3/candidat-tracker/2021_10_11_eric_zemmour.png
Yannick Jadot,20211119_hi,7.6939,10.3061,8,Europe Ecologie-Les Verts,ECO,https://www.francetvinfo.fr/docs/desk3/candidat-tracker/2021_10_11_yannick_jadot.png
Jean-Luc Mélenchon,20211119_hi,8.6309,11.3691,6,La France insoumise,EXGA,https://www.francetvinfo.fr/docs/desk3/candidat-tracker/2021_10_11_jean_luc-melenchon.png
Florian Philippot,20211119_hi,1.3611,2.6389,16,Les Patriotes,EXDR,https://www.francetvinfo.fr/docs/desk3/candidat-tracker/2021_10_11_florian_philippot.png
Jean Lassalle,20211119_hi,0,0,18,Résistons,DIV,https://www.francetvinfo.fr/docs/desk3/candidat-tracker/2021_10_11_jean_lassalle.png
Anne Hidalgo,20211119_hi,4.0053,5.9947,9,Parti socialiste,GAUC,https://www.francetvinfo.fr/docs/desk3/candidat-tracker/2021_10_11_anne_hidalgo.png
Philippe Poutou,20211119_hi,0.5459,1.4541,15,Nouveau parti anticapitaliste,EXGA,https://www.francetvinfo.fr/docs/desk3/candidat-tracker/2021_10_11_philippe_poutou.png
François Asselineau,20211119_hi,0,0,19,Union populaire républicaine,DIV,https://www.francetvinfo.fr/docs/desk3/candidat-tracker/2021_10_11_francois_asselineau.png
Nathalie Arthaud,20211112_hi,0.5329,1.4671,17,Parti communiste français,EXGA,https://www.francetvinfo.fr/docs/desk3/candidat-tracker/2021_10_11_nathalie_arthaud.png
Marine Le Pen,20211112_hi,14.279,17.721,2,Rassemblement national,EXDR,https://www.francetvinfo.fr/docs/desk3/candidat-tracker/2021_10_11_marine_le_pen.png
François Asselineau,20211112_hi,0,0,19,Union populaire républicaine,DIV,https://www.francetvinfo.fr/docs/desk3/candidat-tracker/2021_10_11_francois_asselineau.png
Florian Philippot,20211112_hi,1.3428,2.6572,16,Les Patriotes,EXDR,https://www.francetvinfo.fr/docs/desk3/candidat-tracker/2021_10_11_florian_philippot.png
Fabien Roussel,20211112_hi,1.3428,2.6572,14,Lutte ouvrière,EXGA,https://www.francetvinfo.fr/docs/desk3/candidat-tracker/2021_10_11_fabien_roussel.png
Arnaud Montebourg,20211112_hi,1.3428,2.6572,13,Sans étiquette,GAUC,https://www.francetvinfo.fr/docs/desk3/candidat-tracker/2021_10_11_arnaud_montebourg.png
Anne Hidalgo,20211112_hi,3.0801,4.9199,9,Parti socialiste,GAUC,https://www.francetvinfo.fr/docs/desk3/candidat-tracker/2021_10_11_anne_hidalgo.png
Yannick Jadot,20211112_hi,7.6565,10.3435,8,Europe Ecologie-Les Verts,ECO,https://www.francetvinfo.fr/docs/desk3/candidat-tracker/2021_10_11_yannick_jadot.png
Jean Lassalle,20211112_hi,0,0,18,Résistons,DIV,https://www.francetvinfo.fr/docs/desk3/candidat-tracker/2021_10_11_jean_lassalle.png
Valérie Pécresse,20211112_hi,8.5917,11.4083,5,Les Républicains,DROI,https://www.francetvinfo.fr/docs/desk3/candidat-tracker/2021_10_11_valerie_pecresse.png
Eric Zemmour,20211112_hi,15.2366,18.7634,3,Sans étiquette,EXDR,https://www.francetvinfo.fr/docs/desk3/candidat-tracker/2021_10_11_eric_zemmour.png
Nicolas Dupont-Aignan,20211112_hi,1.3428,2.6572,12,Debout la France,EXDR,https://www.francetvinfo.fr/docs/desk3/candidat-tracker/2021_10_11_nicolas_dupont_aignan.png
Emmanuel Macron,20211112_hi,21.9951,26.0049,1,La République en marche,CENT,https://www.francetvinfo.fr/docs/desk3/candidat-tracker/2021_10_11_emmanuel_macron.png
Jean-Luc Mélenchon,20211112_hi,8.5917,11.4083,6,La France insoumise,EXGA,https://www.francetvinfo.fr/docs/desk3/candidat-tracker/2021_10_11_jean_luc-melenchon.png
Philippe Poutou,20211112_hi,0.5329,1.4671,15,Nouveau parti anticapitaliste,EXGA,https://www.francetvinfo.fr/docs/desk3/candidat-tracker/2021_10_11_philippe_poutou.png
Nathalie Arthaud,20211112_hi,0.5329,1.4671,17,Parti communiste français,EXGA,https://www.francetvinfo.fr/docs/desk3/candidat-tracker/2021_10_11_nathalie_arthaud.png
Nicolas Dupont-Aignan,20211112_hi,0.5329,1.4671,12,Debout la France,EXDR,https://www.francetvinfo.fr/docs/desk3/candidat-tracker/2021_10_11_nicolas_dupont_aignan.png
François Asselineau,20211112_hi,0,0,19,Union populaire républicaine,DIV,https://www.francetvinfo.fr/docs/desk3/candidat-tracker/2021_10_11_francois_asselineau.png
Fabien Roussel,20211112_hi,1.3428,2.6572,14,Lutte ouvrière,EXGA,https://www.francetvinfo.fr/docs/desk3/candidat-tracker/2021_10_11_fabien_roussel.png
Jean Lassalle,20211112_hi,0,0,18,Résistons,DIV,https://www.francetvinfo.fr/docs/desk3/candidat-tracker/2021_10_11_jean_lassalle.png
Emmanuel Macron,20211112_hi,21.0244,24.9756,1,La République en marche,CENT,https://www.francetvinfo.fr/docs/desk3/candidat-tracker/2021_10_11_emmanuel_macron.png
Eric Zemmour,20211112_hi,15.2366,18.7634,3,Sans étiquette,EXDR,https://www.francetvinfo.fr/docs/desk3/candidat-tracker/2021_10_11_eric_zemmour.png
Marine Le Pen,20211112_hi,14.279,17.721,2,Rassemblement national,EXDR,https://www.francetvinfo.fr/docs/desk3/candidat-tracker/2021_10_11_marine_le_pen.png
Florian Philippot,20211112_hi,0.5329,1.4671,16,Les Patriotes,EXDR,https://www.francetvinfo.fr/docs/desk3/candidat-tracker/2021_10_11_florian_philippot.png
Xavier Bertrand,20211112_hi,12.3711,15.6289,4,Les Républicains,DROI,https://www.francetvinfo.fr/docs/desk3/candidat-tracker/2021_10_11_xavier_bertrand.png
Anne Hidalgo,20211112_hi,3.0801,4.9199,9,Parti socialiste,GAUC,https://www.francetvinfo.fr/docs/desk3/candidat-tracker/2021_10_11_anne_hidalgo.png
Arnaud Montebourg,20211112_hi,1.3428,2.6572,13,Sans étiquette,GAUC,https://www.francetvinfo.fr/docs/desk3/candidat-tracker/2021_10_11_arnaud_montebourg.png
Philippe Poutou,20211112_hi,0.5329,1.4671,15,Nouveau parti anticapitaliste,EXGA,https://www.francetvinfo.fr/docs/desk3/candidat-tracker/2021_10_11_philippe_poutou.png
Yannick Jadot,20211112_hi,6.7264,9.2736,8,Europe Ecologie-Les Verts,ECO,https://www.francetvinfo.fr/docs/desk3/candidat-tracker/2021_10_11_yannick_jadot.png
Jean-Luc Mélenchon,20211112_hi,8.5917,11.4083,6,La France insoumise,EXGA,https://www.francetvinfo.fr/docs/desk3/candidat-tracker/2021_10_11_jean_luc-melenchon.png
Yannick Jadot,20211112_hi,7.6565,10.3435,8,Europe Ecologie-Les Verts,ECO,https://www.francetvinfo.fr/docs/desk3/candidat-tracker/2021_10_11_yannick_jadot.png
Michel Barnier,20211112_hi,8.5917,11.4083,7,Les Républicains,DROI,https://www.francetvinfo.fr/docs/desk3/candidat-tracker/2021_10_11_michel_barnier.png
Jean-Luc Mélenchon,20211112_hi,8.5917,11.4083,6,La France insoumise,EXGA,https://www.francetvinfo.fr/docs/desk3/candidat-tracker/2021_10_11_jean_luc-melenchon.png
Philippe Poutou,20211112_hi,0.5329,1.4671,15,Nouveau parti anticapitaliste,EXGA,https://www.francetvinfo.fr/docs/desk3/candidat-tracker/2021_10_11_philippe_poutou.png
Eric Zemmour,20211112_hi,16.1965,19.8035,3,Sans étiquette,EXDR,https://www.francetvinfo.fr/docs/desk3/candidat-tracker/2021_10_11_eric_zemmour.png
Nicolas Dupont-Aignan,20211112_hi,1.3428,2.6572,12,Debout la France,EXDR,https://www.francetvinfo.fr/docs/desk3/candidat-tracker/2021_10_11_nicolas_dupont_aignan.png
Arnaud Montebourg,20211112_hi,1.3428,2.6572,13,Sans étiquette,GAUC,https://www.francetvinfo.fr/docs/desk3/candidat-tracker/2021_10_11_arnaud_montebourg.png
Marine Le Pen,20211112_hi,14.279,17.721,2,Rassemblement national,EXDR,https://www.francetvinfo.fr/docs/desk3/candidat-tracker/2021_10_11_marine_le_pen.png
Nathalie Arthaud,20211112_hi,0.5329,1.4671,17,Parti communiste français,EXGA,https://www.francetvinfo.fr/docs/desk3/candidat-tracker/2021_10_11_nathalie_arthaud.png
François Asselineau,20211112_hi,0,0,19,Union populaire républicaine,DIV,https://www.francetvinfo.fr/docs/desk3/candidat-tracker/2021_10_11_francois_asselineau.png
Anne Hidalgo,20211112_hi,3.0801,4.9199,9,Parti socialiste,GAUC,https://www.francetvinfo.fr/docs/desk3/candidat-tracker/2021_10_11_anne_hidalgo.png
Jean Lassalle,20211112_hi,0,0,18,Résistons,DIV,https://www.francetvinfo.fr/docs/desk3/candidat-tracker/2021_10_11_jean_lassalle.png
Emmanuel Macron,20211112_hi,21.9951,26.0049,1,La République en marche,CENT,https://www.francetvinfo.fr/docs/desk3/candidat-tracker/2021_10_11_emmanuel_macron.png
Fabien Roussel,20211112_hi,1.3428,2.6572,14,Lutte ouvrière,EXGA,https://www.francetvinfo.fr/docs/desk3/candidat-tracker/2021_10_11_fabien_roussel.png
Florian Philippot,20211112_hi,0.5329,1.4671,16,Les Patriotes,EXDR,https://www.francetvinfo.fr/docs/desk3/candidat-tracker/2021_10_11_florian_philippot.png
Michel Barnier,20211105_odx,7.7662,10.2338,7,Les Républicains,DROI,https://www.francetvinfo.fr/docs/desk3/candidat-tracker/2021_10_11_michel_barnier.png
Jean-Luc Mélenchon,20211105_odx,7.7662,10.2338,6,La France insoumise,EXGA,https://www.francetvinfo.fr/docs/desk3/candidat-tracker/2021_10_11_jean_luc-melenchon.png
Nathalie Arthaud,20211105_odx,0.5711,1.4289,17,Parti communiste français,EXGA,https://www.francetvinfo.fr/docs/desk3/candidat-tracker/2021_10_11_nathalie_arthaud.png
Arnaud Montebourg,20211105_odx,1.8269,3.1731,13,Sans étiquette,GAUC,https://www.francetvinfo.fr/docs/desk3/candidat-tracker/2021_10_11_arnaud_montebourg.png
Eric Zemmour,20211105_odx,12.9821,16.0179,3,Sans étiquette,EXDR,https://www.francetvinfo.fr/docs/desk3/candidat-tracker/2021_10_11_eric_zemmour.png
Marine Le Pen,20211105_odx,17.3088,20.6912,2,Rassemblement national,EXDR,https://www.francetvinfo.fr/docs/desk3/candidat-tracker/2021_10_11_marine_le_pen.png
Anne Hidalgo,20211105_odx,4.0604,5.9396,9,Parti socialiste,GAUC,https://www.francetvinfo.fr/docs/desk3/candidat-tracker/2021_10_11_anne_hidalgo.png
Jean Lassalle,20211105_odx,0.5711,1.4289,18,Résistons,DIV,https://www.francetvinfo.fr/docs/desk3/candidat-tracker/2021_10_11_jean_lassalle.png
Philippe Poutou,20211105_odx,1.3964,2.6036,15,Nouveau parti anticapitaliste,EXGA,https://www.francetvinfo.fr/docs/desk3/candidat-tracker/2021_10_11_philippe_poutou.png
Yannick Jadot,20211105_odx,5.9,8.1,8,Europe Ecologie-Les Verts,ECO,https://www.francetvinfo.fr/docs/desk3/candidat-tracker/2021_10_11_yannick_jadot.png
Fabien Roussel,20211105_odx,1.3964,2.6036,14,Lutte ouvrière,EXGA,https://www.francetvinfo.fr/docs/desk3/candidat-tracker/2021_10_11_fabien_roussel.png
Nicolas Dupont-Aignan,20211105_odx,2.2646,3.7354,12,Debout la France,EXDR,https://www.francetvinfo.fr/docs/desk3/candidat-tracker/2021_10_11_nicolas_dupont_aignan.png
Emmanuel Macron,20211105_odx,23.1332,26.8668,1,La République en marche,CENT,https://www.francetvinfo.fr/docs/desk3/candidat-tracker/2021_10_11_emmanuel_macron.png
Anne Hidalgo,20211105_odx,3.6063,5.3937,9,Parti socialiste,GAUC,https://www.francetvinfo.fr/docs/desk3/candidat-tracker/2021_10_11_anne_hidalgo.png
Jean Lassalle,20211105_odx,0.976,2.024,18,Résistons,DIV,https://www.francetvinfo.fr/docs/desk3/candidat-tracker/2021_10_11_jean_lassalle.png
Fabien Roussel,20211105_odx,1.3964,2.6036,14,Lutte ouvrière,EXGA,https://www.francetvinfo.fr/docs/desk3/candidat-tracker/2021_10_11_fabien_roussel.png
Eric Zemmour,20211105_odx,12.5041,15.4959,3,Sans étiquette,EXDR,https://www.francetvinfo.fr/docs/desk3/candidat-tracker/2021_10_11_eric_zemmour.png
Arnaud Montebourg,20211105_odx,1.3964,2.6036,13,Sans étiquette,GAUC,https://www.francetvinfo.fr/docs/desk3/candidat-tracker/2021_10_11_arnaud_montebourg.png
Nathalie Arthaud,20211105_odx,0.5711,1.4289,17,Parti communiste français,EXGA,https://www.francetvinfo.fr/docs/desk3/candidat-tracker/2021_10_11_nathalie_arthaud.png
Xavier Bertrand,20211105_odx,10.5991,13.4009,4,Les Républicains,DROI,https://www.francetvinfo.fr/docs/desk3/candidat-tracker/2021_10_11_xavier_bertrand.png
Marine Le Pen,20211105_odx,16.3437,19.6563,2,Rassemblement national,EXDR,https://www.francetvinfo.fr/docs/desk3/candidat-tracker/2021_10_11_marine_le_pen.png
Emmanuel Macron,20211105_odx,23.1332,26.8668,1,La République en marche,CENT,https://www.francetvinfo.fr/docs/desk3/candidat-tracker/2021_10_11_emmanuel_macron.png
Nicolas Dupont-Aignan,20211105_odx,2.2646,3.7354,12,Debout la France,EXDR,https://www.francetvinfo.fr/docs/desk3/candidat-tracker/2021_10_11_nicolas_dupont_aignan.png
Philippe Poutou,20211105_odx,1.3964,2.6036,15,Nouveau parti anticapitaliste,EXGA,https://www.francetvinfo.fr/docs/desk3/candidat-tracker/2021_10_11_philippe_poutou.png
Jean-Luc Mélenchon,20211105_odx,7.2977,9.7023,6,La France insoumise,EXGA,https://www.francetvinfo.fr/docs/desk3/candidat-tracker/2021_10_11_jean_luc-melenchon.png
Yannick Jadot,20211105_odx,5.4372,7.5628,8,Europe Ecologie-Les Verts,ECO,https://www.francetvinfo.fr/docs/desk3/candidat-tracker/2021_10_11_yannick_jadot.png
Valérie Pécresse,20211105_odx,7.7579,10.2421,5,Les Républicains,DROI,https://www.francetvinfo.fr/docs/desk3/candidat-tracker/2021_10_11_valerie_pecresse.png
Emmanuel Macron,20211105_odx,23.1207,26.8793,1,La République en marche,CENT,https://www.francetvinfo.fr/docs/desk3/candidat-tracker/2021_10_11_emmanuel_macron.png
Nathalie Arthaud,20211105_odx,0.5682,1.4318,17,Parti communiste français,EXGA,https://www.francetvinfo.fr/docs/desk3/candidat-tracker/2021_10_11_nathalie_arthaud.png
Fabien Roussel,20211105_odx,1.3924,2.6076,14,Lutte ouvrière,EXGA,https://www.francetvinfo.fr/docs/desk3/candidat-tracker/2021_10_11_fabien_roussel.png
Arnaud Montebourg,20211105_odx,1.3924,2.6076,13,Sans étiquette,GAUC,https://www.francetvinfo.fr/docs/desk3/candidat-tracker/2021_10_11_arnaud_montebourg.png
Nicolas Dupont-Aignan,20211105_odx,3.1495,4.8505,12,Debout la France,EXDR,https://www.francetvinfo.fr/docs/desk3/candidat-tracker/2021_10_11_nicolas_dupont_aignan.png
Philippe Poutou,20211105_odx,1.8224,3.1776,15,Nouveau parti anticapitaliste,EXGA,https://www.francetvinfo.fr/docs/desk3/candidat-tracker/2021_10_11_philippe_poutou.png
Anne Hidalgo,20211105_odx,4.0541,5.9459,9,Parti socialiste,GAUC,https://www.francetvinfo.fr/docs/desk3/candidat-tracker/2021_10_11_anne_hidalgo.png
Eric Zemmour,20211105_odx,12.9718,16.0282,3,Sans étiquette,EXDR,https://www.francetvinfo.fr/docs/desk3/candidat-tracker/2021_10_11_eric_zemmour.png
Jean Lassalle,20211105_odx,0.9724,2.0276,18,Résistons,DIV,https://www.francetvinfo.fr/docs/desk3/candidat-tracker/2021_10_11_jean_lassalle.png
Marine Le Pen,20211105_odx,16.8147,20.1853,2,Rassemblement national,EXDR,https://www.francetvinfo.fr/docs/desk3/candidat-tracker/2021_10_11_marine_le_pen.png
Yannick Jadot,20211105_odx,5.4301,7.5699,8,Europe Ecologie-Les Verts,ECO,https://www.francetvinfo.fr/docs/desk3/candidat-tracker/2021_10_11_yannick_jadot.png
Jean-Luc Mélenchon,20211105_odx,7.2896,9.7104,6,La France insoumise,EXGA,https://www.francetvinfo.fr/docs/desk3/candidat-tracker/2021_10_11_jean_luc-melenchon.png
